1,Tree1,0.10,0.10,0.10,-0.00,1.08,0.00,226.00,-1.08,-0.00,0.00,-1.80,0.00,0.00,0.88,1.94,0.00,0.00,0.00,1.00,0
2,Tree2,0.10,0.10,0.10,-0.00,1.08,0.00,221.47,-1.08,-0.00,0.00,-6.73,0.00,0.00,0.88,0.55,0.00,0.00,0.00,1.00,0
3,Tree3,0.10,0.10,0.10,-0.00,1.08,0.00,220.76,-1.08,-0.00,0.00,-30.59,0.00,0.00,0.88,2.29,0.00,0.00,0.00,1.00,0
4,Tree2,0.10,0.10,0.10,-0.00,1.08,0.00,213.62,-1.08,-0.00,0.00,-1.49,0.00,0.00,0.88,1.40,0.00,0.00,0.00,1.00,0
5,Tree3,0.10,0.10,0.10,-0.00,1.08,0.00,210.30,-1.08,-0.00,0.00,-7.04,0.00,0.00,0.88,-1.68,0.00,0.00,0.00,1.00,0
6,Tree1,0.10,0.10,0.10,-0.00,1.08,0.00,212.91,-1.08,-0.00,0.00,-27.97,0.00,0.00,0.88,0.13,0.00,0.00,0.00,1.00,0
7,Tree2,0.10,0.10,0.10,-0.00,1.08,0.00,208.39,-1.08,-0.00,0.00,-80.00,0.00,0.00,0.88,-9.62,0.00,0.00,0.00,1.00,0
8,Tree1,0.10,0.10,0.10,-0.00,1.08,0.00,197.92,-1.08,-0.00,0.00,8.97,0.00,0.00,0.88,0.95,0.00,0.00,0.00,1.00,0
9,Tree2,0.10,0.10,0.10,-0.00,1.08,0.00,207.68,-1.08,-0.00,0.00,-12.27,0.00,0.00,0.88,0.54,0.00,0.00,0.00,1.00,0
10,Tree3,0.10,0.10,0.10,-0.00,1.08,0.00,200.54,-1.08,-0.00,0.00,-95.70,0.00,0.00,0.88,-10.37,0.00,0.00,0.00,1.00,0
11,Tree2,0.10,0.10,0.10,-0.00,1.08,0.00,192.69,-1.08,-0.00,0.00,11.59,0.00,0.00,0.88,0.34,0.00,0.00,0.00,1.00,0
12,Tree3,0.10,0.10,0.10,-0.00,1.08,0.00,187.45,-1.08,-0.00,0.00,-158.50,0.00,0.00,0.88,-4.86,0.00,0.00,0.00,1.00,0
13,Tree1,0.10,0.10,0.10,-0.00,1.08,0.00,182.22,-1.08,-0.00,0.00,32.52,0.00,0.00,0.88,3.61,0.00,0.00,0.00,1.00,0
14,Tree2,0.10,0.10,0.10,-0.00,1.08,0.00,178.90,-1.08,-0.00,0.00,26.98,0.00,0.00,0.88,4.57,0.00,0.00,0.00,1.00,0
15,Tree3,0.10,0.10,0.10,-0.00,1.08,0.00,182.22,-1.08,-0.00,0.00,-179.44,0.00,0.00,0.88,-0.35,0.00,0.00,0.00,1.00,0
16,Tree2,0.10,0.10,0.10,-0.00,1.08,0.00,174.37,-1.08,-0.00,0.00,-11.96,0.00,0.00,0.88,-5.00,0.00,0.00,0.00,1.00,0
17,Tree3,0.10,0.10,0.10,-0.00,1.08,0.00,168.43,-1.08,-0.00,0.00,-17.50,0.00,0.00,0.88,-7.70,0.00,0.00,0.00,1.00,0
18,Tree1,0.10,0.10,0.10,-0.00,1.08,0.00,157.96,-1.08,-0.00,0.00,-1.80,0.00,0.00,0.88,-1.44,0.00,0.00,0.00,1.00,0
19,Tree2,0.10,0.10,0.10,-0.00,1.08,0.00,157.96,-1.08,-0.00,0.00,-59.37,0.00,0.00,0.88,-11.66,0.00,0.00,0.00,1.00,0
20,Tree3,0.10,0.10,0.10,-0.00,1.08,0.00,158.67,-1.08,-0.00,0.00,-90.46,0.00,0.00,0.88,-9.55,0.00,0.00,0.00,1.00,0
21,Tree1,0.10,0.10,0.10,-0.00,1.08,0.00,160.58,-1.08,-0.00,0.00,-111.71,0.00,0.00,0.88,-6.26,0.00,0.00,0.00,1.00,0
22,Tree2,0.10,0.10,0.10,-0.00,1.08,0.00,157.96,-1.08,-0.00,0.00,-137.87,0.00,0.00,0.88,-3.12,0.00,0.00,0.00,1.00,0
23,Tree3,0.10,0.10,0.10,-0.00,1.08,0.00,158.67,-1.08,-0.00,0.00,-158.50,0.00,0.00,0.88,3.63,0.00,0.00,0.00,1.00,0
24,Tree1,0.10,0.10,0.10,-0.00,1.08,0.00,150.82,-1.08,-0.00,0.00,-51.21,0.00,0.00,0.88,-9.22,0.00,0.00,0.00,1.00,0
25,Tree2,0.10,0.10,0.10,-0.00,1.08,0.00,147.49,-1.08,-0.00,0.00,-56.75,0.00,0.00,0.88,-9.02,0.00,0.00,0.00,1.00,0
26,Tree3,0.10,0.10,0.10,-0.00,1.08,0.00,145.58,-1.08,-0.00,0.00,-85.23,0.00,0.00,0.88,-8.93,0.00,0.00,0.00,1.00,0
27,Tree1,0.10,0.10,0.10,-0.00,1.08,0.00,152.73,-1.08,-0.00,0.00,-106.47,0.00,0.00,0.88,-6.05,0.00,0.00,0.00,1.00,0
28,Tree2,0.10,0.10,0.10,-0.00,1.08,0.00,145.58,-1.08,-0.00,0.00,-111.40,0.00,0.00,0.88,-6.77,0.00,0.00,0.00,1.00,0
29,Tree3,0.10,0.10,0.10,-0.00,1.08,0.00,150.11,-1.08,-0.00,0.00,-137.87,0.00,0.00,0.88,-3.95,0.00,0.00,0.00,1.00,0
30,Tree1,0.10,0.10,0.10,-0.00,1.08,0.00,153.44,-1.08,-0.00,0.00,-158.50,0.00,0.00,0.88,4.80,0.00,0.00,0.00,1.00,0
31,Tree2,0.10,0.10,0.10,-0.00,1.08,0.00,147.49,-1.08,-0.00,0.00,-187.59,0.00,0.00,0.88,9.65,0.00,0.00,0.00,1.00,0
32,Tree3,0.10,0.10,0.10,-0.00,1.08,0.00,142.26,-1.08,-0.00,0.00,-51.52,0.00,0.00,0.88,-7.88,0.00,0.00,0.00,1.00,0
33,Tree1,0.10,0.10,0.10,-0.00,1.08,0.00,137.03,-1.08,-0.00,0.00,-56.75,0.00,0.00,0.88,-7.91,0.00,0.00,0.00,1.00,0
34,Tree2,0.10,0.10,0.10,-0.00,1.08,0.00,137.03,-1.08,-0.00,0.00,-82.92,0.00,0.00,0.88,-9.02,0.00,0.00,0.00,1.00,0
35,Tree3,0.10,0.10,0.10,-0.00,1.08,0.00,140.35,-1.08,-0.00,0.00,-106.17,0.00,0.00,0.88,-6.85,0.00,0.00,0.00,1.00,0
36,Tree1,0.10,0.10,0.10,-0.00,1.08,0.00,137.03,-1.08,-0.00,0.00,-111.71,0.00,0.00,0.88,-6.96,0.00,0.00,0.00,1.00,0
37,Tree2,0.10,0.10,0.10,-0.00,1.08,0.00,137.73,-1.08,-0.00,0.00,-137.57,0.00,0.00,0.88,-2.99,0.00,0.00,0.00,1.00,0
38,Tree3,0.10,0.10,0.10,-0.00,1.08,0.00,142.97,-1.08,-0.00,0.00,-158.50,0.00,0.00,0.88,8.89,0.00,0.00,0.00,1.00,0
39,Tree1,0.10,0.10,0.10,-0.00,1.08,0.00,142.26,-1.08,-0.00,0.00,-187.59,0.00,0.00,0.88,11.04,0.00,0.00,0.00,1.00,0
40,Tree2,0.10,0.10,0.10,-0.00,1.08,0.00,129.18,-1.08,-0.00,0.00,-54.14,0.00,0.00,0.88,-7.10,0.00,0.00,0.00,1.00,0
41,Tree3,0.10,0.10,0.10,-0.00,1.08,0.00,129.88,-1.08,-0.00,0.00,-74.76,0.00,0.00,0.88,-8.74,0.00,0.00,0.00,1.00,0
42,Tree1,0.10,0.10,0.10,-0.00,1.08,0.00,126.56,-1.08,-0.00,0.00,-80.31,0.00,0.00,0.88,-8.15,0.00,0.00,0.00,1.00,0
43,Tree2,0.10,0.10,0.10,-0.00,1.08,0.00,127.27,-1.08,-0.00,0.00,-106.17,0.00,0.00,0.88,-3.53,0.00,0.00,0.00,1.00,0
44,Tree3,0.10,0.10,0.10,-0.00,1.08,0.00,134.41,-1.08,-0.00,0.00,-127.41,0.00,0.00,0.88,-5.33,0.00,0.00,0.00,1.00,0
45,Tree2,0.10,0.10,0.10,-0.00,1.08,0.00,124.65,-1.08,-0.00,0.00,-163.73,0.00,0.00,0.88,17.28,0.00,0.00,0.00,1.00,0
46,Tree3,0.10,0.10,0.10,-0.00,1.08,0.00,118.71,-1.08,-0.00,0.00,-54.14,0.00,0.00,0.88,-5.28,0.00,0.00,0.00,1.00,0
47,Tree1,0.10,0.10,0.10,-0.00,1.08,0.00,121.33,-1.08,-0.00,0.00,-75.07,0.00,0.00,0.88,-6.89,0.00,0.00,0.00,1.00,0
48,Tree2,0.10,0.10,0.10,-0.00,1.08,0.00,118.71,-1.08,-0.00,0.00,-80.31,0.00,0.00,0.88,-5.68,0.00,0.00,0.00,1.00,0
49,Tree3,0.10,0.10,0.10,-0.00,1.08,0.00,116.09,-1.08,-0.00,0.00,-114.32,0.00,0.00,0.88,2.38,0.00,0.00,0.00,1.00,0
50,Tree1,0.10,0.10,0.10,-0.00,1.08,0.00,116.80,-1.08,-0.00,0.00,-153.27,0.00,0.00,0.88,19.33,0.00,0.00,0.00,1.00,0
51,Tree2,0.10,0.10,0.10,-0.00,1.08,0.00,108.24,-1.08,-0.00,0.00,-48.90,0.00,0.00,0.88,-4.00,0.00,0.00,0.00,1.00,0
52,Tree3,0.10,0.10,0.10,-0.00,1.08,0.00,108.24,-1.08,-0.00,0.00,-75.07,0.00,0.00,0.88,-4.80,0.00,0.00,0.00,1.00,0
53,Tree1,0.10,0.10,0.10,-0.00,1.08,0.00,106.33,-1.08,-0.00,0.00,-90.46,0.00,0.00,0.88,-1.76,0.00,0.00,0.00,1.00,0
54,Tree2,0.10,0.10,0.10,-0.00,1.08,0.00,106.33,-1.08,-0.00,0.00,-111.40,0.00,0.00,0.88,6.15,0.00,0.00,0.00,1.00,0
55,Tree3,0.10,0.10,0.10,-0.00,1.08,0.00,105.63,-1.08,-0.00,0.00,-161.43,0.00,0.00,0.88,25.38,0.00,0.00,0.00,1.00,0
56,Tree1,0.10,0.10,0.10,-0.00,1.08,0.00,93.25,-1.08,-0.00,0.00,-51.21,0.00,0.00,0.88,-4.96,0.00,0.00,0.00,1.00,0
57,Tree2,0.10,0.10,0.10,-0.00,1.08,0.00,97.77,-1.08,-0.00,0.00,-75.07,0.00,0.00,0.88,-3.49,0.00,0.00,0.00,1.00,0
58,Tree3,0.10,0.10,0.10,-0.00,1.08,0.00,98.48,-1.08,-0.00,0.00,-93.08,0.00,0.00,0.88,2.76,0.00,0.00,0.00,1.00,0
59,Tree1,0.10,0.10,0.10,-0.00,1.08,0.00,84.69,-1.08,-0.00,0.00,-51.52,0.00,0.00,0.88,-2.49,0.00,0.00,0.00,1.00,0
60,Tree2,0.10,0.10,0.10,-0.00,1.08,0.00,82.78,-1.08,-0.00,0.00,-74.76,0.00,0.00,0.88,-0.00,0.00,0.00,0.00,1.00,0
61,Tree3,0.10,0.10,0.10,-0.00,1.08,0.00,82.78,-1.08,-0.00,0.00,-93.08,0.00,0.00,0.88,8.15,0.00,0.00,0.00,1.00,0
62,Tree1,0.10,0.10,0.10,-0.00,1.08,0.00,80.17,-1.08,-0.00,0.00,-64.30,0.00,0.00,0.88,-1.33,0.00,0.00,0.00,1.00,0
63,Tree2,0.10,0.10,0.10,-0.00,1.08,0.00,74.93,-1.08,-0.00,0.00,-69.53,0.00,0.00,0.88,0.01,0.00,0.00,0.00,1.00,0
64,Tree3,0.10,0.10,0.10,-0.00,1.08,0.00,74.93,-1.08,-0.00,0.00,-95.70,0.00,0.00,0.88,11.99,0.00,0.00,0.00,1.00,0
65,Tree1,0.10,0.10,0.10,-0.00,1.08,0.00,80.17,-1.08,-0.00,0.00,-116.63,0.00,0.00,0.88,16.21,0.00,0.00,0.00,1.00,0
66,Tree2,0.10,0.10,0.10,-0.00,1.08,0.00,63.76,-1.08,-0.00,0.00,-64.60,0.00,0.00,0.88,4.08,0.00,0.00,0.00,1.00,0
67,Tree3,0.10,0.10,0.10,-0.00,1.08,0.00,68.99,-1.08,-0.00,0.00,-85.54,0.00,0.00,0.88,7.34,0.00,0.00,0.00,1.00,0
68,Tree1,0.10,0.10,0.10,-0.00,1.08,0.00,66.37,-1.08,-0.00,0.00,-101.24,0.00,0.00,0.88,14.55,0.00,0.00,0.00,1.00,0
69,Tree2,0.10,0.10,0.10,-0.00,1.08,0.00,61.85,-1.08,-0.00,0.00,-158.50,0.00,0.00,0.88,30.00,0.00,0.00,0.00,1.00,0
70,Tree3,0.10,0.10,0.10,-0.00,1.08,0.00,56.61,-1.08,-0.00,0.00,-74.76,0.00,0.00,0.88,8.67,0.00,0.00,0.00,1.00,0
71,Tree1,0.10,0.10,0.10,-0.00,1.08,0.00,53.29,-1.08,-0.00,0.00,-148.34,0.00,0.00,0.88,28.12,0.00,0.00,0.00,1.00,0
72,Tree2,0.10,0.10,0.10,-0.00,1.08,0.00,50.67,-1.08,-0.00,0.00,-64.60,0.00,0.00,0.88,7.02,0.00,0.00,0.00,1.00,0
73,Tree2,0.10,0.10,0.10,-0.00,1.08,0.00,215.53,-1.08,-0.00,0.00,-14.89,0.00,0.00,0.88,0.80,0.00,0.00,0.00,1.00,0
74,Tree3,0.10,0.10,0.10,-0.00,1.08,0.00,205.77,-1.08,-0.00,0.00,14.21,0.00,0.00,0.88,4.23,0.00,0.00,0.00,1.00,0
75,Tree1,0.10,0.10,0.10,-0.00,1.08,0.00,205.06,-1.08,-0.00,0.00,-90.77,0.00,0.00,0.88,-9.83,0.00,0.00,0.00,1.00,0
76,Tree2,0.10,0.10,0.10,-0.00,1.08,0.00,194.60,-1.08,-0.00,0.00,6.05,0.00,0.00,0.88,-0.67,0.00,0.00,0.00,1.00,0
77,Tree3,0.10,0.10,0.10,-0.00,1.08,0.00,184.13,-1.08,-0.00,0.00,-164.04,0.00,0.00,0.88,-3.12,0.00,0.00,0.00,1.00,0
78,Tree1,0.10,0.10,0.10,-0.00,1.08,0.00,173.66,-1.08,-0.00,0.00,-4.42,0.00,0.00,0.88,-2.57,0.00,0.00,0.00,1.00,0
79,Tree2,0.10,0.10,0.10,-0.00,1.08,0.00,163.90,-1.08,-0.00,0.00,-17.19,0.00,0.00,0.88,-5.93,0.00,0.00,0.00,1.00,0
80,Tree3,0.10,0.10,0.10,-0.00,1.08,0.00,161.29,-1.08,-0.00,0.00,-150.65,0.00,0.00,0.88,1.13,0.00,0.00,0.00,1.00,0
81,Tree1,0.10,0.10,0.10,-0.00,1.08,0.00,153.44,-1.08,-0.00,0.00,-90.46,0.00,0.00,0.88,-9.15,0.00,0.00,0.00,1.00,0
82,Tree2,0.10,0.10,0.10,-0.00,1.08,0.00,155.34,-1.08,-0.00,0.00,-143.11,0.00,0.00,0.88,-1.45,0.00,0.00,0.00,1.00,0
83,Tree3,0.10,0.10,0.10,-0.00,1.08,0.00,142.26,-1.08,-0.00,0.00,-69.84,0.00,0.00,0.88,-9.81,0.00,0.00,0.00,1.00,0
84,Tree1,0.10,0.10,0.10,-0.00,1.08,0.00,142.97,-1.08,-0.00,0.00,-121.87,0.00,0.00,0.88,-6.71,0.00,0.00,0.00,1.00,0
85,Tree2,0.10,0.10,0.10,-0.00,1.08,0.00,142.26,-1.08,-0.00,0.00,-184.98,0.00,0.00,0.88,11.21,0.00,0.00,0.00,1.00,0
86,Tree3,0.10,0.10,0.10,-0.00,1.08,0.00,132.50,-1.08,-0.00,0.00,-90.46,0.00,0.00,0.88,-8.05,0.00,0.00,0.00,1.00,0
87,Tree1,0.10,0.10,0.10,-0.00,1.08,0.00,132.50,-1.08,-0.00,0.00,-142.80,0.00,0.00,0.88,3.97,0.00,0.00,0.00,1.00,0
88,Tree2,0.10,0.10,0.10,-0.00,1.08,0.00,122.03,-1.08,-0.00,0.00,-59.06,0.00,0.00,0.88,-8.16,0.00,0.00,0.00,1.00,0
89,Tree1,0.10,0.10,0.10,-0.00,1.08,0.00,110.86,-1.08,-0.00,0.00,-69.84,0.00,0.00,0.88,-6.98,0.00,0.00,0.00,1.00,0
90,Tree2,0.10,0.10,0.10,-0.00,1.08,0.00,108.95,-1.08,-0.00,0.00,-163.73,0.00,0.00,0.88,24.22,0.00,0.00,0.00,1.00,0
91,Tree3,0.10,0.10,0.10,-0.00,1.08,0.00,100.39,-1.08,-0.00,0.00,-80.31,0.00,0.00,0.88,-4.02,0.00,0.00,0.00,1.00,0
92,Tree1,0.10,0.10,0.10,-0.00,1.08,0.00,90.63,-1.08,-0.00,0.00,-69.53,0.00,0.00,0.88,-3.60,0.00,0.00,0.00,1.00,0
93,Tree2,0.10,0.10,0.10,-0.00,1.08,0.00,77.55,-1.08,-0.00,0.00,-80.00,0.00,0.00,0.88,3.73,0.00,0.00,0.00,1.00,0
94,Tree3,0.10,0.10,0.10,-0.00,1.08,0.00,67.08,-1.08,-0.00,0.00,-69.53,0.00,0.00,0.88,3.97,0.00,0.00,0.00,1.00,0
95,Tree1,0.10,0.10,0.10,-0.00,1.08,0.00,71.61,-1.08,-0.00,0.00,-153.58,0.00,0.00,0.88,30.89,0.00,0.00,0.00,1.00,0
96,Tree2,0.10,0.10,0.10,-0.00,1.08,0.00,59.23,-1.08,-0.00,0.00,-153.27,0.00,0.00,0.88,30.27,0.00,0.00,0.00,1.00,0
97,Tree3,0.10,0.10,0.10,-0.00,1.08,0.00,211.00,-1.08,-0.00,0.00,-25.04,0.00,0.00,0.88,-0.28,0.00,0.00,0.00,1.00,0
98,Tree1,0.10,0.10,0.10,-0.00,1.08,0.00,200.54,-1.08,-0.00,0.00,16.82,0.00,0.00,0.88,3.79,0.00,0.00,0.00,1.00,0
99,Tree3,0.10,0.10,0.10,-0.00,1.08,0.00,181.51,-1.08,-0.00,0.00,32.22,0.00,0.00,0.88,3.62,0.00,0.00,0.00,1.00,0
100,Tree2,0.10,0.10,0.10,-0.00,1.08,0.00,165.81,-1.08,-0.00,0.00,0.82,0.00,0.00,0.88,-2.95,0.00,0.00,0.00,1.00,0
101,Tree3,0.10,0.10,0.10,-0.00,1.08,0.00,165.81,-1.08,-0.00,0.00,-124.79,0.00,0.00,0.88,-5.10,0.00,0.00,0.00,1.00,0
102,Tree1,0.10,0.10,0.10,-0.00,1.08,0.00,153.44,-1.08,-0.00,0.00,-61.68,0.00,0.00,0.88,-11.15,0.00,0.00,0.00,1.00,0
103,Tree2,0.10,0.10,0.10,-0.00,1.08,0.00,153.44,-1.08,-0.00,0.00,-114.02,0.00,0.00,0.88,-6.33,0.00,0.00,0.00,1.00,0
104,Tree3,0.10,0.10,0.10,-0.00,1.08,0.00,153.44,-1.08,-0.00,0.00,-187.29,0.00,0.00,0.88,8.03,0.00,0.00,0.00,1.00,0
105,Tree1,0.10,0.10,0.10,-0.00,1.08,0.00,137.73,-1.08,-0.00,0.00,-82.61,0.00,0.00,0.88,-8.94,0.00,0.00,0.00,1.00,0
106,Tree2,0.10,0.10,0.10,-0.00,1.08,0.00,142.97,-1.08,-0.00,0.00,-134.95,0.00,0.00,0.88,-4.28,0.00,0.00,0.00,1.00,0
107,Tree3,0.10,0.10,0.10,-0.00,1.08,0.00,134.41,-1.08,-0.00,0.00,-51.52,0.00,0.00,0.88,-7.17,0.00,0.00,0.00,1.00,0
108,Tree1,0.10,0.10,0.10,-0.00,1.08,0.00,134.41,-1.08,-0.00,0.00,-103.86,0.00,0.00,0.88,-7.50,0.00,0.00,0.00,1.00,0
109,Tree2,0.10,0.10,0.10,-0.00,1.08,0.00,132.50,-1.08,-0.00,0.00,-155.88,0.00,0.00,0.88,11.58,0.00,0.00,0.00,1.00,0
110,Tree3,0.10,0.10,0.10,-0.00,1.08,0.00,123.94,-1.08,-0.00,0.00,-82.92,0.00,0.00,0.88,-7.74,0.00,0.00,0.00,1.00,0
111,Tree1,0.10,0.10,0.10,-0.00,1.08,0.00,116.80,-1.08,-0.00,0.00,-161.12,0.00,0.00,0.88,20.92,0.00,0.00,0.00,1.00,0
112,Tree2,0.10,0.10,0.10,-0.00,1.08,0.00,106.33,-1.08,-0.00,0.00,-103.55,0.00,0.00,0.88,3.80,0.00,0.00,0.00,1.00,0
113,Tree3,0.10,0.10,0.10,-0.00,1.08,0.00,97.77,-1.08,-0.00,0.00,-61.99,0.00,0.00,0.88,-5.22,0.00,0.00,0.00,1.00,0
114,Tree1,0.10,0.10,0.10,-0.00,1.08,0.00,90.63,-1.08,-0.00,0.00,-61.68,0.00,0.00,0.88,-5.67,0.00,0.00,0.00,1.00,0
115,Tree2,0.10,0.10,0.10,-0.00,1.08,0.00,76.84,-1.08,-0.00,0.00,-56.75,0.00,0.00,0.88,0.88,0.00,0.00,0.00,1.00,0
116,Tree3,0.10,0.10,0.10,-0.00,1.08,0.00,76.84,-1.08,-0.00,0.00,-109.09,0.00,0.00,0.88,15.95,0.00,0.00,0.00,1.00,0
117,Tree1,0.10,0.10,0.10,-0.00,1.08,0.00,69.70,-1.08,-0.00,0.00,-145.42,0.00,0.00,0.88,28.43,0.00,0.00,0.00,1.00,0
118,Tree2,0.10,0.10,0.10,-0.00,1.08,0.00,55.91,-1.08,-0.00,0.00,-140.49,0.00,0.00,0.88,23.43,0.00,0.00,0.00,1.00,0
119,Tree2,0.10,0.10,0.10,-0.00,1.08,0.00,205.77,-1.08,-0.00,0.00,-87.85,0.00,0.00,0.88,-9.54,0.00,0.00,0.00,1.00,0
120,Tree3,0.10,0.10,0.10,-0.00,1.08,0.00,174.37,-1.08,-0.00,0.00,16.82,0.00,0.00,0.88,2.14,0.00,0.00,0.00,1.00,0
121,Tree1,0.10,0.10,0.10,-0.00,1.08,0.00,153.44,-1.08,-0.00,0.00,-108.78,0.00,0.00,0.88,-5.99,0.00,0.00,0.00,1.00,0
122,Tree2,0.10,0.10,0.10,-0.00,1.08,0.00,142.97,-1.08,-0.00,0.00,-140.18,0.00,0.00,0.88,-3.22,0.00,0.00,0.00,1.00,0
123,Tree3,0.10,0.10,0.10,-0.00,1.08,0.00,132.50,-1.08,-0.00,0.00,-161.12,0.00,0.00,0.88,14.01,0.00,0.00,0.00,1.00,0
124,Tree1,0.10,0.10,0.10,-0.00,1.08,0.00,113.48,-1.08,-0.00,0.00,-77.69,0.00,0.00,0.88,-4.39,0.00,0.00,0.00,1.00,0
125,Tree2,0.10,0.10,0.10,-0.00,1.08,0.00,90.63,-1.08,-0.00,0.00,-66.91,0.00,0.00,0.88,-4.70,0.00,0.00,0.00,1.00,0
126,Tree3,0.10,0.10,0.10,-0.00,1.08,0.00,69.70,-1.08,-0.00,0.00,-150.65,0.00,0.00,0.88,28.93,0.00,0.00,0.00,1.00,0
127,Tree2,0.10,0.10,0.10,-0.00,1.08,0.00,220.96,-1.08,-0.00,0.00,0.82,0.00,0.00,0.88,1.34,0.00,0.00,0.00,1.00,0
128,Tree1,0.10,0.10,0.10,-0.00,1.08,0.00,221.07,-1.08,-0.00,0.00,-33.71,0.00,0.00,0.88,2.56,0.00,0.00,0.00,1.00,0
129,Tree2,0.10,0.10,0.10,-0.00,1.08,0.00,215.84,-1.08,-0.00,0.00,13.39,0.00,0.00,0.88,5.02,0.00,0.00,0.00,1.00,0
130,Tree3,0.10,0.10,0.10,-0.00,1.08,0.00,210.50,-1.08,-0.00,0.00,3.43,0.00,0.00,0.88,1.63,0.00,0.00,0.00,1.00,0
131,Tree1,0.10,0.10,0.10,-0.00,1.08,0.00,210.61,-1.08,-0.00,0.00,-20.63,0.00,0.00,0.88,-0.96,0.00,0.00,0.00,1.00,0
132,Tree2,0.10,0.10,0.10,-0.00,1.08,0.00,210.50,-1.08,-0.00,0.00,-75.07,0.00,0.00,0.88,-10.10,0.00,0.00,0.00,1.00,0
133,Tree3,0.10,0.10,0.10,-0.00,1.08,0.00,210.50,-1.08,-0.00,0.00,-88.16,0.00,0.00,0.88,-9.57,0.00,0.00,0.00,1.00,0
134,Tree1,0.10,0.10,0.10,-0.00,1.08,0.00,200.14,-1.08,-0.00,0.00,23.86,0.00,0.00,0.88,3.94,0.00,0.00,0.00,1.00,0
135,Tree2,0.10,0.10,0.10,-0.00,1.08,0.00,205.37,-1.08,-0.00,0.00,2.92,0.00,0.00,0.88,0.19,0.00,0.00,0.00,1.00,0
136,Tree3,0.10,0.10,0.10,-0.00,1.08,0.00,207.88,-1.08,-0.00,0.00,-22.74,0.00,0.00,0.88,-1.07,0.00,0.00,0.00,1.00,0
137,Tree1,0.10,0.10,0.10,-0.00,1.08,0.00,200.03,-1.08,-0.00,0.00,-90.77,0.00,0.00,0.88,-10.24,0.00,0.00,0.00,1.00,0
138,Tree2,0.10,0.10,0.10,-0.00,1.08,0.00,194.80,-1.08,-0.00,0.00,19.13,0.00,0.00,0.88,1.58,0.00,0.00,0.00,1.00,0
139,Tree3,0.10,0.10,0.10,-0.00,1.08,0.00,192.18,-1.08,-0.00,0.00,13.90,0.00,0.00,0.88,1.33,0.00,0.00,0.00,1.00,0
140,Tree1,0.10,0.10,0.10,-0.00,1.08,0.00,189.67,-1.08,-0.00,0.00,-148.85,0.00,0.00,0.88,-5.88,0.00,0.00,0.00,1.00,0
141,Tree3,0.10,0.10,0.10,-0.00,1.08,0.00,186.95,-1.08,-0.00,0.00,-158.81,0.00,0.00,0.88,-4.64,0.00,0.00,0.00,1.00,0
142,Tree1,0.10,0.10,0.10,-0.00,1.08,0.00,184.44,-1.08,-0.00,0.00,-185.49,0.00,0.00,0.88,1.04,0.00,0.00,0.00,1.00,0
143,Tree2,0.10,0.10,0.10,-0.00,1.08,0.00,173.97,-1.08,-0.00,0.00,23.86,0.00,0.00,0.88,3.72,0.00,0.00,0.00,1.00,0
144,Tree3,0.10,0.10,0.10,-0.00,1.08,0.00,168.63,-1.08,-0.00,0.00,-9.65,0.00,0.00,0.88,-5.04,0.00,0.00,0.00,1.00,0
145,Tree2,0.10,0.10,0.10,-0.00,1.08,0.00,158.27,-1.08,-0.00,0.00,5.54,0.00,0.00,0.88,-1.21,0.00,0.00,0.00,1.00,0
146,Tree3,0.10,0.10,0.10,-0.00,1.08,0.00,163.39,-1.08,-0.00,0.00,-82.92,0.00,0.00,0.88,-11.24,0.00,0.00,0.00,1.00,0
147,Tree1,0.10,0.10,0.10,-0.00,1.08,0.00,158.16,-1.08,-0.00,0.00,-103.86,0.00,0.00,0.88,-6.45,0.00,0.00,0.00,1.00,0
148,Tree2,0.10,0.10,0.10,-0.00,1.08,0.00,158.27,-1.08,-0.00,0.00,-122.68,0.00,0.00,0.88,-5.43,0.00,0.00,0.00,1.00,0
149,Tree3,0.10,0.10,0.10,-0.00,1.08,0.00,158.27,-1.08,-0.00,0.00,-146.23,0.00,0.00,0.88,-0.31,0.00,0.00,0.00,1.00,0
150,Tree1,0.10,0.10,0.10,-0.00,1.08,0.00,150.42,-1.08,-0.00,0.00,-41.56,0.00,0.00,0.88,-9.20,0.00,0.00,0.00,1.00,0
151,Tree2,0.10,0.10,0.10,-0.00,1.08,0.00,147.80,-1.08,-0.00,0.00,-62.50,0.00,0.00,0.88,-10.11,0.00,0.00,0.00,1.00,0
152,Tree3,0.10,0.10,0.10,-0.00,1.08,0.00,155.54,-1.08,-0.00,0.00,-85.54,0.00,0.00,0.88,-10.93,0.00,0.00,0.00,1.00,0
153,Tree1,0.10,0.10,0.10,-0.00,1.08,0.00,150.42,-1.08,-0.00,0.00,-88.66,0.00,0.00,0.88,-9.29,0.00,0.00,0.00,1.00,0
154,Tree2,0.10,0.10,0.10,-0.00,1.08,0.00,150.31,-1.08,-0.00,0.00,-116.94,0.00,0.00,0.88,-7.06,0.00,0.00,0.00,1.00,0
155,Tree3,0.10,0.10,0.10,-0.00,1.08,0.00,147.80,-1.08,-0.00,0.00,-117.45,0.00,0.00,0.88,-9.26,0.00,0.00,0.00,1.00,0
156,Tree1,0.10,0.10,0.10,-0.00,1.08,0.00,147.80,-1.08,-0.00,0.00,-146.23,0.00,0.00,0.88,-0.90,0.00,0.00,0.00,1.00,0
157,Tree2,0.10,0.10,0.10,-0.00,1.08,0.00,150.31,-1.08,-0.00,0.00,-190.21,0.00,0.00,0.88,8.97,0.00,0.00,0.00,1.00,0
158,Tree3,0.10,0.10,0.10,-0.00,1.08,0.00,142.57,-1.08,-0.00,0.00,-52.03,0.00,0.00,0.88,-7.93,0.00,0.00,0.00,1.00,0
159,Tree1,0.10,0.10,0.10,-0.00,1.08,0.00,137.23,-1.08,-0.00,0.00,-59.37,0.00,0.00,0.88,-8.32,0.00,0.00,0.00,1.00,0
160,Tree2,0.10,0.10,0.10,-0.00,1.08,0.00,137.34,-1.08,-0.00,0.00,-83.43,0.00,0.00,0.88,-9.06,0.00,0.00,0.00,1.00,0
161,Tree3,0.10,0.10,0.10,-0.00,1.08,0.00,145.08,-1.08,-0.00,0.00,-106.47,0.00,0.00,0.88,-7.20,0.00,0.00,0.00,1.00,0
162,Tree1,0.10,0.10,0.10,-0.00,1.08,0.00,139.95,-1.08,-0.00,0.00,-109.60,0.00,0.00,0.88,-6.57,0.00,0.00,0.00,1.00,0
163,Tree2,0.10,0.10,0.10,-0.00,1.08,0.00,142.46,-1.08,-0.00,0.00,-135.26,0.00,0.00,0.88,-3.88,0.00,0.00,0.00,1.00,0
164,Tree3,0.10,0.10,0.10,-0.00,1.08,0.00,137.23,-1.08,-0.00,0.00,-140.49,0.00,0.00,0.88,-0.26,0.00,0.00,0.00,1.00,0
165,Tree1,0.10,0.10,0.10,-0.00,1.08,0.00,142.57,-1.08,-0.00,0.00,-185.49,0.00,0.00,0.88,11.08,0.00,0.00,0.00,1.00,0
166,Tree2,0.10,0.10,0.10,-0.00,1.08,0.00,129.48,-1.08,-0.00,0.00,-52.03,0.00,0.00,0.88,-6.71,0.00,0.00,0.00,1.00,0
167,Tree3,0.10,0.10,0.10,-0.00,1.08,0.00,132.10,-1.08,-0.00,0.00,-70.35,0.00,0.00,0.88,-8.51,0.00,0.00,0.00,1.00,0
168,Tree1,0.10,0.10,0.10,-0.00,1.08,0.00,126.87,-1.08,-0.00,0.00,-78.20,0.00,0.00,0.88,-8.02,0.00,0.00,0.00,1.00,0
169,Tree2,0.10,0.10,0.10,-0.00,1.08,0.00,126.76,-1.08,-0.00,0.00,-106.47,0.00,0.00,0.88,-3.31,0.00,0.00,0.00,1.00,0
170,Tree3,0.10,0.10,0.10,-0.00,1.08,0.00,131.99,-1.08,-0.00,0.00,-127.41,0.00,0.00,0.88,-3.85,0.00,0.00,0.00,1.00,0
171,Tree1,0.10,0.10,0.10,-0.00,1.08,0.00,134.61,-1.08,-0.00,0.00,-148.34,0.00,0.00,0.88,5.33,0.00,0.00,0.00,1.00,0
172,Tree2,0.10,0.10,0.10,-0.00,1.08,0.00,126.76,-1.08,-0.00,0.00,-161.43,0.00,0.00,0.88,16.25,0.00,0.00,0.00,1.00,0
173,Tree3,0.10,0.10,0.10,-0.00,1.08,0.00,119.02,-1.08,-0.00,0.00,-52.03,0.00,0.00,0.88,-5.24,0.00,0.00,0.00,1.00,0
174,Tree1,0.10,0.10,0.10,-0.00,1.08,0.00,121.63,-1.08,-0.00,0.00,-72.96,0.00,0.00,0.88,-7.09,0.00,0.00,0.00,1.00,0
175,Tree2,0.10,0.10,0.10,-0.00,1.08,0.00,116.40,-1.08,-0.00,0.00,-78.20,0.00,0.00,0.88,-5.81,0.00,0.00,0.00,1.00,0
176,Tree3,0.10,0.10,0.10,-0.00,1.08,0.00,116.40,-1.08,-0.00,0.00,-112.21,0.00,0.00,0.88,2.18,0.00,0.00,0.00,1.00,0
177,Tree1,0.10,0.10,0.10,-0.00,1.08,0.00,118.91,-1.08,-0.00,0.00,-153.58,0.00,0.00,0.88,17.83,0.00,0.00,0.00,1.00,0
178,Tree2,0.10,0.10,0.10,-0.00,1.08,0.00,105.83,-1.08,-0.00,0.00,-46.29,0.00,0.00,0.88,-3.83,0.00,0.00,0.00,1.00,0
179,Tree3,0.10,0.10,0.10,-0.00,1.08,0.00,105.93,-1.08,-0.00,0.00,-70.35,0.00,0.00,0.88,-5.28,0.00,0.00,0.00,1.00,0
180,Tree1,0.10,0.10,0.10,-0.00,1.08,0.00,113.68,-1.08,-0.00,0.00,-106.47,0.00,0.00,0.88,1.56,0.00,0.00,0.00,1.00,0
181,Tree2,0.10,0.10,0.10,-0.00,1.08,0.00,105.83,-1.08,-0.00,0.00,-109.09,0.00,0.00,0.88,6.61,0.00,0.00,0.00,1.00,0
182,Tree3,0.10,0.10,0.10,-0.00,1.08,0.00,113.68,-1.08,-0.00,0.00,-177.58,0.00,0.00,0.88,21.40,0.00,0.00,0.00,1.00,0
183,Tree1,0.10,0.10,0.10,-0.00,1.08,0.00,95.36,-1.08,-0.00,0.00,-48.90,0.00,0.00,0.88,-5.22,0.00,0.00,0.00,1.00,0
184,Tree2,0.10,0.10,0.10,-0.00,1.08,0.00,95.47,-1.08,-0.00,0.00,-70.35,0.00,0.00,0.88,-4.81,0.00,0.00,0.00,1.00,0
185,Tree3,0.10,0.10,0.10,-0.00,1.08,0.00,103.21,-1.08,-0.00,0.00,-106.47,0.00,0.00,0.88,7.39,0.00,0.00,0.00,1.00,0
186,Tree1,0.10,0.10,0.10,-0.00,1.08,0.00,85.00,-1.08,-0.00,0.00,-49.41,0.00,0.00,0.88,-1.15,0.00,0.00,0.00,1.00,0
187,Tree2,0.10,0.10,0.10,-0.00,1.08,0.00,85.00,-1.08,-0.00,0.00,-70.35,0.00,0.00,0.88,-2.42,0.00,0.00,0.00,1.00,0
188,Tree3,0.10,0.10,0.10,-0.00,1.08,0.00,84.89,-1.08,-0.00,0.00,-90.77,0.00,0.00,0.88,5.93,0.00,0.00,0.00,1.00,0
189,Tree1,0.10,0.10,0.10,-0.00,1.08,0.00,74.53,-1.08,-0.00,0.00,-62.50,0.00,0.00,0.88,1.17,0.00,0.00,0.00,1.00,0
190,Tree2,0.10,0.10,0.10,-0.00,1.08,0.00,82.27,-1.08,-0.00,0.00,-85.54,0.00,0.00,0.88,3.09,0.00,0.00,0.00,1.00,0
191,Tree3,0.10,0.10,0.10,-0.00,1.08,0.00,77.04,-1.08,-0.00,0.00,-90.77,0.00,0.00,0.88,8.01,0.00,0.00,0.00,1.00,0
192,Tree1,0.10,0.10,0.10,-0.00,1.08,0.00,77.15,-1.08,-0.00,0.00,-109.60,0.00,0.00,0.88,16.10,0.00,0.00,0.00,1.00,0
193,Tree2,0.10,0.10,0.10,-0.00,1.08,0.00,69.30,-1.08,-0.00,0.00,-72.96,0.00,0.00,0.88,3.46,0.00,0.00,0.00,1.00,0
194,Tree3,0.10,0.10,0.10,-0.00,1.08,0.00,63.96,-1.08,-0.00,0.00,-77.69,0.00,0.00,0.88,7.00,0.00,0.00,0.00,1.00,0
195,Tree1,0.10,0.10,0.10,-0.00,1.08,0.00,63.96,-1.08,-0.00,0.00,-109.09,0.00,0.00,0.88,15.52,0.00,0.00,0.00,1.00,0
196,Tree2,0.10,0.10,0.10,-0.00,1.08,0.00,63.96,-1.08,-0.00,0.00,-153.58,0.00,0.00,0.88,30.28,0.00,0.00,0.00,1.00,0
197,Tree3,0.10,0.10,0.10,-0.00,1.08,0.00,53.49,-1.08,-0.00,0.00,-72.46,0.00,0.00,0.88,8.69,0.00,0.00,0.00,1.00,0
198,Tree1,0.10,0.10,0.10,-0.00,1.08,0.00,56.21,-1.08,-0.00,0.00,-141.00,0.00,0.00,0.88,23.85,0.00,0.00,0.00,1.00,0
199,Tree2,0.10,0.10,0.10,-0.00,1.08,0.00,45.64,-1.08,-0.00,0.00,-64.60,0.00,0.00,0.88,7.87,0.00,0.00,0.00,1.00,0
200,Tree1,0.10,0.10,0.10,-0.00,1.08,0.00,215.73,-1.08,-0.00,0.00,13.90,0.00,0.00,0.88,5.45,0.00,0.00,0.00,1.00,0
201,Tree2,0.10,0.10,0.10,-0.00,1.08,0.00,215.84,-1.08,-0.00,0.00,-67.73,0.00,0.00,0.88,-7.58,0.00,0.00,0.00,1.00,0
202,Tree3,0.10,0.10,0.10,-0.00,1.08,0.00,205.26,-1.08,-0.00,0.00,6.05,0.00,0.00,0.88,1.90,0.00,0.00,0.00,1.00,0
203,Tree3,0.10,0.10,0.10,-0.00,1.08,0.00,184.44,-1.08,-0.00,0.00,-180.25,0.00,0.00,0.88,-0.36,0.00,0.00,0.00,1.00,0
204,Tree1,0.10,0.10,0.10,-0.00,1.08,0.00,166.01,-1.08,-0.00,0.00,24.37,0.00,0.00,0.88,2.28,0.00,0.00,0.00,1.00,0
205,Tree2,0.10,0.10,0.10,-0.00,1.08,0.00,163.50,-1.08,-0.00,0.00,-117.45,0.00,0.00,0.88,-6.22,0.00,0.00,0.00,1.00,0
206,Tree3,0.10,0.10,0.10,-0.00,1.08,0.00,155.54,-1.08,-0.00,0.00,-69.84,0.00,0.00,0.88,-11.07,0.00,0.00,0.00,1.00,0
207,Tree1,0.10,0.10,0.10,-0.00,1.08,0.00,155.65,-1.08,-0.00,0.00,-120.07,0.00,0.00,0.88,-5.90,0.00,0.00,0.00,1.00,0
208,Tree2,0.10,0.10,0.10,-0.00,1.08,0.00,142.57,-1.08,-0.00,0.00,-46.80,0.00,0.00,0.88,-7.69,0.00,0.00,0.00,1.00,0
209,Tree3,0.10,0.10,0.10,-0.00,1.08,0.00,142.57,-1.08,-0.00,0.00,-99.13,0.00,0.00,0.88,-7.96,0.00,0.00,0.00,1.00,0
210,Tree1,0.10,0.10,0.10,-0.00,1.08,0.00,145.08,-1.08,-0.00,0.00,-153.58,0.00,0.00,0.88,3.67,0.00,0.00,0.00,1.00,0
211,Tree2,0.10,0.10,0.10,-0.00,1.08,0.00,131.99,-1.08,-0.00,0.00,-67.22,0.00,0.00,0.88,-9.61,0.00,0.00,0.00,1.00,0
212,Tree3,0.10,0.10,0.10,-0.00,1.08,0.00,132.10,-1.08,-0.00,0.00,-117.45,0.00,0.00,0.88,-4.29,0.00,0.00,0.00,1.00,0
213,Tree1,0.10,0.10,0.10,-0.00,1.08,0.00,131.99,-1.08,-0.00,0.00,-192.83,0.00,0.00,0.88,11.93,0.00,0.00,0.00,1.00,0
214,Tree2,0.10,0.10,0.10,-0.00,1.08,0.00,121.53,-1.08,-0.00,0.00,-88.16,0.00,0.00,0.88,-5.98,0.00,0.00,0.00,1.00,0
215,Tree3,0.10,0.10,0.10,-0.00,1.08,0.00,113.78,-1.08,-0.00,0.00,-57.26,0.00,0.00,0.88,-4.94,0.00,0.00,0.00,1.00,0
216,Tree2,0.10,0.10,0.10,-0.00,1.08,0.00,100.59,-1.08,-0.00,0.00,-69.84,0.00,0.00,0.88,-5.33,0.00,0.00,0.00,1.00,0
217,Tree3,0.10,0.10,0.10,-0.00,1.08,0.00,90.12,-1.08,-0.00,0.00,-48.90,0.00,0.00,0.88,-3.67,0.00,0.00,0.00,1.00,0
218,Tree1,0.10,0.10,0.10,-0.00,1.08,0.00,82.27,-1.08,-0.00,0.00,-69.84,0.00,0.00,0.88,-1.73,0.00,0.00,0.00,1.00,0
219,Tree2,0.10,0.10,0.10,-0.00,1.08,0.00,71.92,-1.08,-0.00,0.00,-57.26,0.00,0.00,0.88,2.34,0.00,0.00,0.00,1.00,0
220,Tree3,0.10,0.10,0.10,-0.00,1.08,0.00,69.19,-1.08,-0.00,0.00,-109.09,0.00,0.00,0.88,15.70,0.00,0.00,0.00,1.00,0
221,Tree1,0.10,0.10,0.10,-0.00,1.08,0.00,58.83,-1.08,-0.00,0.00,-141.00,0.00,0.00,0.88,24.25,0.00,0.00,0.00,1.00,0
222,Tree1,0.10,0.10,0.10,-0.00,1.08,0.00,223.69,-1.08,-0.00,0.00,-28.48,0.00,0.00,0.88,2.85,0.00,0.00,0.00,1.00,0
223,Tree2,0.10,0.10,0.10,-0.00,1.08,0.00,213.22,-1.08,-0.00,0.00,-12.78,0.00,0.00,0.88,-0.49,0.00,0.00,0.00,1.00,0
224,Tree1,0.10,0.10,0.10,-0.00,1.08,0.00,202.75,-1.08,-0.00,0.00,-91.28,0.00,0.00,0.88,-10.51,0.00,0.00,0.00,1.00,0
225,Tree2,0.10,0.10,0.10,-0.00,1.08,0.00,192.18,-1.08,-0.00,0.00,-145.73,0.00,0.00,0.88,-6.66,0.00,0.00,0.00,1.00,0
226,Tree3,0.10,0.10,0.10,-0.00,1.08,0.00,186.95,-1.08,-0.00,0.00,-177.13,0.00,0.00,0.88,-2.44,0.00,0.00,0.00,1.00,0
227,Tree1,0.10,0.10,0.10,-0.00,1.08,0.00,171.35,-1.08,-0.00,0.00,-18.01,0.00,0.00,0.88,-7.37,0.00,0.00,0.00,1.00,0
228,Tree2,0.10,0.10,0.10,-0.00,1.08,0.00,160.78,-1.08,-0.00,0.00,-77.69,0.00,0.00,0.88,-11.24,0.00,0.00,0.00,1.00,0
229,Tree3,0.10,0.10,0.10,-0.00,1.08,0.00,150.31,-1.08,-0.00,0.00,0.82,0.00,0.00,0.88,1.07,0.00,0.00,0.00,1.00,0
230,Tree1,0.10,0.10,0.10,-0.00,1.08,0.00,150.31,-1.08,-0.00,0.00,-88.16,0.00,0.00,0.88,-9.60,0.00,0.00,0.00,1.00,0
231,Tree2,0.10,0.10,0.10,-0.00,1.08,0.00,150.42,-1.08,-0.00,0.00,-143.62,0.00,0.00,0.88,-1.18,0.00,0.00,0.00,1.00,0
232,Tree3,0.10,0.10,0.10,-0.00,1.08,0.00,145.19,-1.08,-0.00,0.00,-70.35,0.00,0.00,0.88,-10.44,0.00,0.00,0.00,1.00,0
233,Tree1,0.10,0.10,0.10,-0.00,1.08,0.00,139.95,-1.08,-0.00,0.00,-106.98,0.00,0.00,0.88,-6.58,0.00,0.00,0.00,1.00,0
234,Tree2,0.10,0.10,0.10,-0.00,1.08,0.00,139.95,-1.08,-0.00,0.00,-185.49,0.00,0.00,0.88,11.83,0.00,0.00,0.00,1.00,0
235,Tree3,0.10,0.10,0.10,-0.00,1.08,0.00,134.61,-1.08,-0.00,0.00,-93.39,0.00,0.00,0.88,-7.18,0.00,0.00,0.00,1.00,0
236,Tree1,0.10,0.10,0.10,-0.00,1.08,0.00,134.61,-1.08,-0.00,0.00,-145.73,0.00,0.00,0.88,4.12,0.00,0.00,0.00,1.00,0
237,Tree2,0.10,0.10,0.10,-0.00,1.08,0.00,119.02,-1.08,-0.00,0.00,-54.65,0.00,0.00,0.88,-5.34,0.00,0.00,0.00,1.00,0
238,Tree3,0.10,0.10,0.10,-0.00,1.08,0.00,124.14,-1.08,-0.00,0.00,-156.19,0.00,0.00,0.88,15.48,0.00,0.00,0.00,1.00,0
239,Tree1,0.10,0.10,0.10,-0.00,1.08,0.00,108.55,-1.08,-0.00,0.00,-75.58,0.00,0.00,0.88,-4.60,0.00,0.00,0.00,1.00,0
240,Tree2,0.10,0.10,0.10,-0.00,1.08,0.00,103.32,-1.08,-0.00,0.00,-49.41,0.00,0.00,0.88,-3.83,0.00,0.00,0.00,1.00,0
241,Tree3,0.10,0.10,0.10,-0.00,1.08,0.00,97.97,-1.08,-0.00,0.00,-109.09,0.00,0.00,0.88,9.22,0.00,0.00,0.00,1.00,0
242,Tree1,0.10,0.10,0.10,-0.00,1.08,0.00,82.38,-1.08,-0.00,0.00,-59.88,0.00,0.00,0.88,-2.72,0.00,0.00,0.00,1.00,0
243,Tree2,0.10,0.10,0.10,-0.00,1.08,0.00,82.27,-1.08,-0.00,0.00,-114.32,0.00,0.00,0.88,15.29,0.00,0.00,0.00,1.00,0
244,Tree3,0.10,0.10,0.10,-0.00,1.08,0.00,71.81,-1.08,-0.00,0.00,-114.32,0.00,0.00,0.88,17.52,0.00,0.00,0.00,1.00,0
245,Tree1,0.10,0.10,0.10,-0.00,1.08,0.00,56.21,-1.08,-0.00,0.00,-75.58,0.00,0.00,0.88,8.97,0.00,0.00,0.00,1.00,0
246,Tree1,0.10,0.10,0.10,-0.00,1.08,0.00,207.88,-1.08,-0.00,0.00,-88.16,0.00,0.00,0.88,-10.76,0.00,0.00,0.00,1.00,0
247,Tree2,0.10,0.10,0.10,-0.00,1.08,0.00,176.48,-1.08,-0.00,0.00,-14.89,0.00,0.00,0.88,-5.94,0.00,0.00,0.00,1.00,0
248,Tree3,0.10,0.10,0.10,-0.00,1.08,0.00,155.65,-1.08,-0.00,0.00,-127.92,0.00,0.00,0.88,-4.62,0.00,0.00,0.00,1.00,0
249,Tree1,0.10,0.10,0.10,-0.00,1.08,0.00,145.08,-1.08,-0.00,0.00,-161.43,0.00,0.00,0.88,9.10,0.00,0.00,0.00,1.00,0
250,Tree2,0.10,0.10,0.10,-0.00,1.08,0.00,124.25,-1.08,-0.00,0.00,-44.18,0.00,0.00,0.88,-5.84,0.00,0.00,0.00,1.00,0
251,Tree3,0.10,0.10,0.10,-0.00,1.08,0.00,113.78,-1.08,-0.00,0.00,-106.98,0.00,0.00,0.88,1.61,0.00,0.00,0.00,1.00,0
252,Tree1,0.10,0.10,0.10,-0.00,1.08,0.00,92.74,-1.08,-0.00,0.00,-77.69,0.00,0.00,0.88,-2.21,0.00,0.00,0.00,1.00,0
253,Tree2,0.10,0.10,0.10,-0.00,1.08,0.00,61.34,-1.08,-0.00,0.00,-67.22,0.00,0.00,0.88,6.20,0.00,0.00,0.00,1.00,0
254,Tree1.001,0.10,0.10,0.10,0.42,0.89,0.30,105.35,0.13,0.24,-1.04,-164.70,-0.82,0.49,-0.02,25.16,0.00,0.00,0.00,1.00,0
255,Tree1,0.10,0.10,0.10,-0.00,1.08,0.00,226.00,-1.08,-0.00,0.00,-1.80,0.00,0.00,0.88,1.94,0.00,0.00,0.00,1.00,0
256,Tree2,0.10,0.10,0.10,-0.00,1.08,0.00,221.47,-1.08,-0.00,0.00,-6.73,0.00,0.00,0.88,0.55,0.00,0.00,0.00,1.00,0
257,Tree3,0.10,0.10,0.10,-0.00,1.08,0.00,220.76,-1.08,-0.00,0.00,-30.59,0.00,0.00,0.88,2.29,0.00,0.00,0.00,1.00,0
258,Tree2,0.10,0.10,0.10,-0.00,1.08,0.00,213.62,-1.08,-0.00,0.00,-1.49,0.00,0.00,0.88,1.40,0.00,0.00,0.00,1.00,0
259,Tree3,0.10,0.10,0.10,-0.00,1.08,0.00,210.30,-1.08,-0.00,0.00,-7.04,0.00,0.00,0.88,-1.68,0.00,0.00,0.00,1.00,0
260,Tree1,0.10,0.10,0.10,-0.00,1.08,0.00,212.91,-1.08,-0.00,0.00,-27.97,0.00,0.00,0.88,0.13,0.00,0.00,0.00,1.00,0
261,Tree2,0.10,0.10,0.10,-0.00,1.08,0.00,208.39,-1.08,-0.00,0.00,-80.00,0.00,0.00,0.88,-9.62,0.00,0.00,0.00,1.00,0
262,Tree1,0.10,0.10,0.10,-0.00,1.08,0.00,197.92,-1.08,-0.00,0.00,8.97,0.00,0.00,0.88,0.95,0.00,0.00,0.00,1.00,0
263,Tree2,0.10,0.10,0.10,-0.00,1.08,0.00,207.68,-1.08,-0.00,0.00,-12.27,0.00,0.00,0.88,0.54,0.00,0.00,0.00,1.00,0
264,Tree3,0.10,0.10,0.10,-0.00,1.08,0.00,200.54,-1.08,-0.00,0.00,-95.70,0.00,0.00,0.88,-10.37,0.00,0.00,0.00,1.00,0
265,Tree2,0.10,0.10,0.10,-0.00,1.08,0.00,192.69,-1.08,-0.00,0.00,11.59,0.00,0.00,0.88,0.34,0.00,0.00,0.00,1.00,0
266,Tree3,0.10,0.10,0.10,-0.00,1.08,0.00,187.45,-1.08,-0.00,0.00,-158.50,0.00,0.00,0.88,-4.86,0.00,0.00,0.00,1.00,0
267,Tree1,0.10,0.10,0.10,-0.00,1.08,0.00,182.22,-1.08,-0.00,0.00,32.52,0.00,0.00,0.88,3.61,0.00,0.00,0.00,1.00,0
268,Tree2,0.10,0.10,0.10,-0.00,1.08,0.00,178.90,-1.08,-0.00,0.00,26.98,0.00,0.00,0.88,4.57,0.00,0.00,0.00,1.00,0
269,Tree3,0.10,0.10,0.10,-0.00,1.08,0.00,182.22,-1.08,-0.00,0.00,-179.44,0.00,0.00,0.88,-0.35,0.00,0.00,0.00,1.00,0
270,Tree2,0.10,0.10,0.10,-0.00,1.08,0.00,174.37,-1.08,-0.00,0.00,-11.96,0.00,0.00,0.88,-5.00,0.00,0.00,0.00,1.00,0
271,Tree3,0.10,0.10,0.10,-0.00,1.08,0.00,168.43,-1.08,-0.00,0.00,-17.50,0.00,0.00,0.88,-7.70,0.00,0.00,0.00,1.00,0
272,Tree1,0.10,0.10,0.10,-0.00,1.08,0.00,157.96,-1.08,-0.00,0.00,-1.80,0.00,0.00,0.88,-1.44,0.00,0.00,0.00,1.00,0
273,Tree2,0.10,0.10,0.10,-0.00,1.08,0.00,157.96,-1.08,-0.00,0.00,-59.37,0.00,0.00,0.88,-11.66,0.00,0.00,0.00,1.00,0
274,Tree3,0.10,0.10,0.10,-0.00,1.08,0.00,158.67,-1.08,-0.00,0.00,-90.46,0.00,0.00,0.88,-9.55,0.00,0.00,0.00,1.00,0
275,Tree1,0.10,0.10,0.10,-0.00,1.08,0.00,160.58,-1.08,-0.00,0.00,-111.71,0.00,0.00,0.88,-6.26,0.00,0.00,0.00,1.00,0
276,Tree2,0.10,0.10,0.10,-0.00,1.08,0.00,157.96,-1.08,-0.00,0.00,-137.87,0.00,0.00,0.88,-3.12,0.00,0.00,0.00,1.00,0
277,Tree3,0.10,0.10,0.10,-0.00,1.08,0.00,158.67,-1.08,-0.00,0.00,-158.50,0.00,0.00,0.88,3.63,0.00,0.00,0.00,1.00,0
278,Tree1,0.10,0.10,0.10,-0.00,1.08,0.00,150.82,-1.08,-0.00,0.00,-51.21,0.00,0.00,0.88,-9.22,0.00,0.00,0.00,1.00,0
279,Tree2,0.10,0.10,0.10,-0.00,1.08,0.00,147.49,-1.08,-0.00,0.00,-56.75,0.00,0.00,0.88,-9.02,0.00,0.00,0.00,1.00,0
280,Tree3,0.10,0.10,0.10,-0.00,1.08,0.00,145.58,-1.08,-0.00,0.00,-85.23,0.00,0.00,0.88,-8.93,0.00,0.00,0.00,1.00,0
281,Tree1,0.10,0.10,0.10,-0.00,1.08,0.00,152.73,-1.08,-0.00,0.00,-106.47,0.00,0.00,0.88,-6.05,0.00,0.00,0.00,1.00,0
282,Tree2,0.10,0.10,0.10,-0.00,1.08,0.00,145.58,-1.08,-0.00,0.00,-111.40,0.00,0.00,0.88,-6.77,0.00,0.00,0.00,1.00,0
283,Tree3,0.10,0.10,0.10,-0.00,1.08,0.00,150.11,-1.08,-0.00,0.00,-137.87,0.00,0.00,0.88,-3.95,0.00,0.00,0.00,1.00,0
284,Tree1,0.10,0.10,0.10,-0.00,1.08,0.00,153.44,-1.08,-0.00,0.00,-158.50,0.00,0.00,0.88,4.80,0.00,0.00,0.00,1.00,0
285,Tree2,0.10,0.10,0.10,-0.00,1.08,0.00,147.49,-1.08,-0.00,0.00,-187.59,0.00,0.00,0.88,9.65,0.00,0.00,0.00,1.00,0
286,Tree3,0.10,0.10,0.10,-0.00,1.08,0.00,142.26,-1.08,-0.00,0.00,-51.52,0.00,0.00,0.88,-7.88,0.00,0.00,0.00,1.00,0
287,Tree1,0.10,0.10,0.10,-0.00,1.08,0.00,137.03,-1.08,-0.00,0.00,-56.75,0.00,0.00,0.88,-7.91,0.00,0.00,0.00,1.00,0
288,Tree2,0.10,0.10,0.10,-0.00,1.08,0.00,137.03,-1.08,-0.00,0.00,-82.92,0.00,0.00,0.88,-9.02,0.00,0.00,0.00,1.00,0
289,Tree3,0.10,0.10,0.10,-0.00,1.08,0.00,140.35,-1.08,-0.00,0.00,-106.17,0.00,0.00,0.88,-6.85,0.00,0.00,0.00,1.00,0
290,Tree1,0.10,0.10,0.10,-0.00,1.08,0.00,137.03,-1.08,-0.00,0.00,-111.71,0.00,0.00,0.88,-6.96,0.00,0.00,0.00,1.00,0
291,Tree2,0.10,0.10,0.10,-0.00,1.08,0.00,137.73,-1.08,-0.00,0.00,-137.57,0.00,0.00,0.88,-2.99,0.00,0.00,0.00,1.00,0
292,Tree3,0.10,0.10,0.10,-0.00,1.08,0.00,142.97,-1.08,-0.00,0.00,-158.50,0.00,0.00,0.88,8.89,0.00,0.00,0.00,1.00,0
293,Tree1,0.10,0.10,0.10,-0.00,1.08,0.00,142.26,-1.08,-0.00,0.00,-187.59,0.00,0.00,0.88,11.04,0.00,0.00,0.00,1.00,0
294,Tree2,0.10,0.10,0.10,-0.00,1.08,0.00,129.18,-1.08,-0.00,0.00,-54.14,0.00,0.00,0.88,-7.10,0.00,0.00,0.00,1.00,0
295,Tree3,0.10,0.10,0.10,-0.00,1.08,0.00,129.88,-1.08,-0.00,0.00,-74.76,0.00,0.00,0.88,-8.74,0.00,0.00,0.00,1.00,0
296,Tree1,0.10,0.10,0.10,-0.00,1.08,0.00,126.56,-1.08,-0.00,0.00,-80.31,0.00,0.00,0.88,-8.15,0.00,0.00,0.00,1.00,0
297,Tree2,0.10,0.10,0.10,-0.00,1.08,0.00,127.27,-1.08,-0.00,0.00,-106.17,0.00,0.00,0.88,-3.53,0.00,0.00,0.00,1.00,0
298,Tree3,0.10,0.10,0.10,-0.00,1.08,0.00,134.41,-1.08,-0.00,0.00,-127.41,0.00,0.00,0.88,-5.33,0.00,0.00,0.00,1.00,0
299,Tree2,0.10,0.10,0.10,-0.00,1.08,0.00,124.65,-1.08,-0.00,0.00,-163.73,0.00,0.00,0.88,17.28,0.00,0.00,0.00,1.00,0
300,Tree3,0.10,0.10,0.10,-0.00,1.08,0.00,118.71,-1.08,-0.00,0.00,-54.14,0.00,0.00,0.88,-5.28,0.00,0.00,0.00,1.00,0
301,Tree1,0.10,0.10,0.10,-0.00,1.08,0.00,121.33,-1.08,-0.00,0.00,-75.07,0.00,0.00,0.88,-6.89,0.00,0.00,0.00,1.00,0
302,Tree2,0.10,0.10,0.10,-0.00,1.08,0.00,118.71,-1.08,-0.00,0.00,-80.31,0.00,0.00,0.88,-5.68,0.00,0.00,0.00,1.00,0
303,Tree3,0.10,0.10,0.10,-0.00,1.08,0.00,116.09,-1.08,-0.00,0.00,-114.32,0.00,0.00,0.88,2.38,0.00,0.00,0.00,1.00,0
304,Tree1,0.10,0.10,0.10,-0.00,1.08,0.00,116.80,-1.08,-0.00,0.00,-153.27,0.00,0.00,0.88,19.33,0.00,0.00,0.00,1.00,0
305,Tree2,0.10,0.10,0.10,-0.00,1.08,0.00,108.24,-1.08,-0.00,0.00,-48.90,0.00,0.00,0.88,-4.00,0.00,0.00,0.00,1.00,0
306,Tree3,0.10,0.10,0.10,-0.00,1.08,0.00,108.24,-1.08,-0.00,0.00,-75.07,0.00,0.00,0.88,-4.80,0.00,0.00,0.00,1.00,0
307,Tree1,0.10,0.10,0.10,-0.00,1.08,0.00,106.33,-1.08,-0.00,0.00,-90.46,0.00,0.00,0.88,-1.76,0.00,0.00,0.00,1.00,0
308,Tree2,0.10,0.10,0.10,-0.00,1.08,0.00,106.33,-1.08,-0.00,0.00,-111.40,0.00,0.00,0.88,6.15,0.00,0.00,0.00,1.00,0
309,Tree3,0.10,0.10,0.10,-0.00,1.08,0.00,105.63,-1.08,-0.00,0.00,-161.43,0.00,0.00,0.88,25.38,0.00,0.00,0.00,1.00,0
310,Tree1,0.10,0.10,0.10,-0.00,1.08,0.00,93.25,-1.08,-0.00,0.00,-51.21,0.00,0.00,0.88,-4.96,0.00,0.00,0.00,1.00,0
311,Tree2,0.10,0.10,0.10,-0.00,1.08,0.00,97.77,-1.08,-0.00,0.00,-75.07,0.00,0.00,0.88,-3.49,0.00,0.00,0.00,1.00,0
312,Tree3,0.10,0.10,0.10,-0.00,1.08,0.00,98.48,-1.08,-0.00,0.00,-93.08,0.00,0.00,0.88,2.76,0.00,0.00,0.00,1.00,0
313,Tree1,0.10,0.10,0.10,-0.00,1.08,0.00,84.69,-1.08,-0.00,0.00,-51.52,0.00,0.00,0.88,-2.49,0.00,0.00,0.00,1.00,0
314,Tree2,0.10,0.10,0.10,-0.00,1.08,0.00,82.78,-1.08,-0.00,0.00,-74.76,0.00,0.00,0.88,-0.00,0.00,0.00,0.00,1.00,0
315,Tree3,0.10,0.10,0.10,-0.00,1.08,0.00,82.78,-1.08,-0.00,0.00,-93.08,0.00,0.00,0.88,8.15,0.00,0.00,0.00,1.00,0
316,Tree1,0.10,0.10,0.10,-0.00,1.08,0.00,80.17,-1.08,-0.00,0.00,-64.30,0.00,0.00,0.88,-1.33,0.00,0.00,0.00,1.00,0
317,Tree2,0.10,0.10,0.10,-0.00,1.08,0.00,74.93,-1.08,-0.00,0.00,-69.53,0.00,0.00,0.88,0.01,0.00,0.00,0.00,1.00,0
318,Tree3,0.10,0.10,0.10,-0.00,1.08,0.00,74.93,-1.08,-0.00,0.00,-95.70,0.00,0.00,0.88,11.99,0.00,0.00,0.00,1.00,0
319,Tree1,0.10,0.10,0.10,-0.00,1.08,0.00,80.17,-1.08,-0.00,0.00,-116.63,0.00,0.00,0.88,16.21,0.00,0.00,0.00,1.00,0
320,Tree2,0.10,0.10,0.10,-0.00,1.08,0.00,63.76,-1.08,-0.00,0.00,-64.60,0.00,0.00,0.88,4.08,0.00,0.00,0.00,1.00,0
321,Tree3,0.10,0.10,0.10,-0.00,1.08,0.00,68.99,-1.08,-0.00,0.00,-85.54,0.00,0.00,0.88,7.34,0.00,0.00,0.00,1.00,0
322,Tree1,0.10,0.10,0.10,-0.00,1.08,0.00,66.37,-1.08,-0.00,0.00,-101.24,0.00,0.00,0.88,14.55,0.00,0.00,0.00,1.00,0
323,Tree2,0.10,0.10,0.10,-0.00,1.08,0.00,61.85,-1.08,-0.00,0.00,-158.50,0.00,0.00,0.88,30.00,0.00,0.00,0.00,1.00,0
324,Tree3,0.10,0.10,0.10,-0.00,1.08,0.00,56.61,-1.08,-0.00,0.00,-74.76,0.00,0.00,0.88,8.67,0.00,0.00,0.00,1.00,0
325,Tree1,0.10,0.10,0.10,-0.00,1.08,0.00,53.29,-1.08,-0.00,0.00,-148.34,0.00,0.00,0.88,28.12,0.00,0.00,0.00,1.00,0
326,Tree2,0.10,0.10,0.10,-0.00,1.08,0.00,50.67,-1.08,-0.00,0.00,-64.60,0.00,0.00,0.88,7.02,0.00,0.00,0.00,1.00,0
327,Tree2,0.10,0.10,0.10,-0.00,1.08,0.00,215.53,-1.08,-0.00,0.00,-14.89,0.00,0.00,0.88,0.80,0.00,0.00,0.00,1.00,0
328,Tree3,0.10,0.10,0.10,-0.00,1.08,0.00,205.77,-1.08,-0.00,0.00,14.21,0.00,0.00,0.88,4.23,0.00,0.00,0.00,1.00,0
329,Tree1,0.10,0.10,0.10,-0.00,1.08,0.00,205.06,-1.08,-0.00,0.00,-90.77,0.00,0.00,0.88,-9.83,0.00,0.00,0.00,1.00,0
330,Tree2,0.10,0.10,0.10,-0.00,1.08,0.00,194.60,-1.08,-0.00,0.00,6.05,0.00,0.00,0.88,-0.67,0.00,0.00,0.00,1.00,0
331,Tree3,0.10,0.10,0.10,-0.00,1.08,0.00,184.13,-1.08,-0.00,0.00,-164.04,0.00,0.00,0.88,-3.12,0.00,0.00,0.00,1.00,0
332,Tree1,0.10,0.10,0.10,-0.00,1.08,0.00,173.66,-1.08,-0.00,0.00,-4.42,0.00,0.00,0.88,-2.57,0.00,0.00,0.00,1.00,0
333,Tree2,0.10,0.10,0.10,-0.00,1.08,0.00,163.90,-1.08,-0.00,0.00,-17.19,0.00,0.00,0.88,-5.93,0.00,0.00,0.00,1.00,0
334,Tree3,0.10,0.10,0.10,-0.00,1.08,0.00,161.29,-1.08,-0.00,0.00,-150.65,0.00,0.00,0.88,1.13,0.00,0.00,0.00,1.00,0
335,Tree1,0.10,0.10,0.10,-0.00,1.08,0.00,153.44,-1.08,-0.00,0.00,-90.46,0.00,0.00,0.88,-9.15,0.00,0.00,0.00,1.00,0
336,Tree2,0.10,0.10,0.10,-0.00,1.08,0.00,155.34,-1.08,-0.00,0.00,-143.11,0.00,0.00,0.88,-1.45,0.00,0.00,0.00,1.00,0
337,Tree3,0.10,0.10,0.10,-0.00,1.08,0.00,142.26,-1.08,-0.00,0.00,-69.84,0.00,0.00,0.88,-9.81,0.00,0.00,0.00,1.00,0
338,Tree1,0.10,0.10,0.10,-0.00,1.08,0.00,142.97,-1.08,-0.00,0.00,-121.87,0.00,0.00,0.88,-6.71,0.00,0.00,0.00,1.00,0
339,Tree2,0.10,0.10,0.10,-0.00,1.08,0.00,142.26,-1.08,-0.00,0.00,-184.98,0.00,0.00,0.88,11.21,0.00,0.00,0.00,1.00,0
340,Tree3,0.10,0.10,0.10,-0.00,1.08,0.00,132.50,-1.08,-0.00,0.00,-90.46,0.00,0.00,0.88,-8.05,0.00,0.00,0.00,1.00,0
341,Tree1,0.10,0.10,0.10,-0.00,1.08,0.00,132.50,-1.08,-0.00,0.00,-142.80,0.00,0.00,0.88,3.97,0.00,0.00,0.00,1.00,0
342,Tree2,0.10,0.10,0.10,-0.00,1.08,0.00,122.03,-1.08,-0.00,0.00,-59.06,0.00,0.00,0.88,-8.16,0.00,0.00,0.00,1.00,0
343,Tree1,0.10,0.10,0.10,-0.00,1.08,0.00,110.86,-1.08,-0.00,0.00,-69.84,0.00,0.00,0.88,-6.98,0.00,0.00,0.00,1.00,0
344,Tree2,0.10,0.10,0.10,-0.00,1.08,0.00,108.95,-1.08,-0.00,0.00,-163.73,0.00,0.00,0.88,24.22,0.00,0.00,0.00,1.00,0
345,Tree3,0.10,0.10,0.10,-0.00,1.08,0.00,100.39,-1.08,-0.00,0.00,-80.31,0.00,0.00,0.88,-4.02,0.00,0.00,0.00,1.00,0
346,Tree1,0.10,0.10,0.10,-0.00,1.08,0.00,90.63,-1.08,-0.00,0.00,-69.53,0.00,0.00,0.88,-3.60,0.00,0.00,0.00,1.00,0
347,Tree2,0.10,0.10,0.10,-0.00,1.08,0.00,77.55,-1.08,-0.00,0.00,-80.00,0.00,0.00,0.88,3.73,0.00,0.00,0.00,1.00,0
348,Tree3,0.10,0.10,0.10,-0.00,1.08,0.00,67.08,-1.08,-0.00,0.00,-69.53,0.00,0.00,0.88,3.97,0.00,0.00,0.00,1.00,0
349,Tree1,0.10,0.10,0.10,-0.00,1.08,0.00,71.61,-1.08,-0.00,0.00,-153.58,0.00,0.00,0.88,30.89,0.00,0.00,0.00,1.00,0
350,Tree2,0.10,0.10,0.10,-0.00,1.08,0.00,59.23,-1.08,-0.00,0.00,-153.27,0.00,0.00,0.88,30.27,0.00,0.00,0.00,1.00,0
351,Tree3,0.10,0.10,0.10,-0.00,1.08,0.00,211.00,-1.08,-0.00,0.00,-25.04,0.00,0.00,0.88,-0.28,0.00,0.00,0.00,1.00,0
352,Tree1,0.10,0.10,0.10,-0.00,1.08,0.00,200.54,-1.08,-0.00,0.00,16.82,0.00,0.00,0.88,3.79,0.00,0.00,0.00,1.00,0
353,Tree3,0.10,0.10,0.10,-0.00,1.08,0.00,181.51,-1.08,-0.00,0.00,32.22,0.00,0.00,0.88,3.62,0.00,0.00,0.00,1.00,0
354,Tree2,0.10,0.10,0.10,-0.00,1.08,0.00,165.81,-1.08,-0.00,0.00,0.82,0.00,0.00,0.88,-2.95,0.00,0.00,0.00,1.00,0
355,Tree3,0.10,0.10,0.10,-0.00,1.08,0.00,165.81,-1.08,-0.00,0.00,-124.79,0.00,0.00,0.88,-5.10,0.00,0.00,0.00,1.00,0
356,Tree1,0.10,0.10,0.10,-0.00,1.08,0.00,153.44,-1.08,-0.00,0.00,-61.68,0.00,0.00,0.88,-11.15,0.00,0.00,0.00,1.00,0
357,Tree2,0.10,0.10,0.10,-0.00,1.08,0.00,153.44,-1.08,-0.00,0.00,-114.02,0.00,0.00,0.88,-6.33,0.00,0.00,0.00,1.00,0
358,Tree3,0.10,0.10,0.10,-0.00,1.08,0.00,153.44,-1.08,-0.00,0.00,-187.29,0.00,0.00,0.88,8.03,0.00,0.00,0.00,1.00,0
359,Tree1,0.10,0.10,0.10,-0.00,1.08,0.00,137.73,-1.08,-0.00,0.00,-82.61,0.00,0.00,0.88,-8.94,0.00,0.00,0.00,1.00,0
360,Tree2,0.10,0.10,0.10,-0.00,1.08,0.00,142.97,-1.08,-0.00,0.00,-134.95,0.00,0.00,0.88,-4.28,0.00,0.00,0.00,1.00,0
361,Tree3,0.10,0.10,0.10,-0.00,1.08,0.00,134.41,-1.08,-0.00,0.00,-51.52,0.00,0.00,0.88,-7.17,0.00,0.00,0.00,1.00,0
362,Tree1,0.10,0.10,0.10,-0.00,1.08,0.00,134.41,-1.08,-0.00,0.00,-103.86,0.00,0.00,0.88,-7.50,0.00,0.00,0.00,1.00,0
363,Tree2,0.10,0.10,0.10,-0.00,1.08,0.00,132.50,-1.08,-0.00,0.00,-155.88,0.00,0.00,0.88,11.58,0.00,0.00,0.00,1.00,0
364,Tree3,0.10,0.10,0.10,-0.00,1.08,0.00,123.94,-1.08,-0.00,0.00,-82.92,0.00,0.00,0.88,-7.74,0.00,0.00,0.00,1.00,0
365,Tree1,0.10,0.10,0.10,-0.00,1.08,0.00,116.80,-1.08,-0.00,0.00,-161.12,0.00,0.00,0.88,20.92,0.00,0.00,0.00,1.00,0
366,Tree2,0.10,0.10,0.10,-0.00,1.08,0.00,106.33,-1.08,-0.00,0.00,-103.55,0.00,0.00,0.88,3.80,0.00,0.00,0.00,1.00,0
367,Tree3,0.10,0.10,0.10,-0.00,1.08,0.00,97.77,-1.08,-0.00,0.00,-61.99,0.00,0.00,0.88,-5.22,0.00,0.00,0.00,1.00,0
368,Tree1,0.10,0.10,0.10,-0.00,1.08,0.00,90.63,-1.08,-0.00,0.00,-61.68,0.00,0.00,0.88,-5.67,0.00,0.00,0.00,1.00,0
369,Tree2,0.10,0.10,0.10,-0.00,1.08,0.00,76.84,-1.08,-0.00,0.00,-56.75,0.00,0.00,0.88,0.88,0.00,0.00,0.00,1.00,0
370,Tree3,0.10,0.10,0.10,-0.00,1.08,0.00,76.84,-1.08,-0.00,0.00,-109.09,0.00,0.00,0.88,15.95,0.00,0.00,0.00,1.00,0
371,Tree1,0.10,0.10,0.10,-0.00,1.08,0.00,69.70,-1.08,-0.00,0.00,-145.42,0.00,0.00,0.88,28.43,0.00,0.00,0.00,1.00,0
372,Tree2,0.10,0.10,0.10,-0.00,1.08,0.00,55.91,-1.08,-0.00,0.00,-140.49,0.00,0.00,0.88,23.43,0.00,0.00,0.00,1.00,0
373,Tree2,0.10,0.10,0.10,-0.00,1.08,0.00,205.77,-1.08,-0.00,0.00,-87.85,0.00,0.00,0.88,-9.54,0.00,0.00,0.00,1.00,0
374,Tree3,0.10,0.10,0.10,-0.00,1.08,0.00,174.37,-1.08,-0.00,0.00,16.82,0.00,0.00,0.88,2.14,0.00,0.00,0.00,1.00,0
375,Tree1,0.10,0.10,0.10,-0.00,1.08,0.00,153.44,-1.08,-0.00,0.00,-108.78,0.00,0.00,0.88,-5.99,0.00,0.00,0.00,1.00,0
376,Tree2,0.10,0.10,0.10,-0.00,1.08,0.00,142.97,-1.08,-0.00,0.00,-140.18,0.00,0.00,0.88,-3.22,0.00,0.00,0.00,1.00,0
377,Tree3,0.10,0.10,0.10,-0.00,1.08,0.00,132.50,-1.08,-0.00,0.00,-161.12,0.00,0.00,0.88,14.01,0.00,0.00,0.00,1.00,0
378,Tree1,0.10,0.10,0.10,-0.00,1.08,0.00,113.48,-1.08,-0.00,0.00,-77.69,0.00,0.00,0.88,-4.39,0.00,0.00,0.00,1.00,0
379,Tree2,0.10,0.10,0.10,-0.00,1.08,0.00,90.63,-1.08,-0.00,0.00,-66.91,0.00,0.00,0.88,-4.70,0.00,0.00,0.00,1.00,0
380,Tree3,0.10,0.10,0.10,-0.00,1.08,0.00,69.70,-1.08,-0.00,0.00,-150.65,0.00,0.00,0.88,28.93,0.00,0.00,0.00,1.00,0
381,Tree2,0.10,0.10,0.10,-0.00,1.08,0.00,220.96,-1.08,-0.00,0.00,0.82,0.00,0.00,0.88,1.34,0.00,0.00,0.00,1.00,0
382,Tree1,0.10,0.10,0.10,-0.00,1.08,0.00,221.07,-1.08,-0.00,0.00,-33.71,0.00,0.00,0.88,2.56,0.00,0.00,0.00,1.00,0
383,Tree2,0.10,0.10,0.10,-0.00,1.08,0.00,215.84,-1.08,-0.00,0.00,13.39,0.00,0.00,0.88,5.02,0.00,0.00,0.00,1.00,0
384,Tree3,0.10,0.10,0.10,-0.00,1.08,0.00,210.50,-1.08,-0.00,0.00,3.43,0.00,0.00,0.88,1.63,0.00,0.00,0.00,1.00,0
385,Tree1,0.10,0.10,0.10,-0.00,1.08,0.00,210.61,-1.08,-0.00,0.00,-20.63,0.00,0.00,0.88,-0.96,0.00,0.00,0.00,1.00,0
386,Tree2,0.10,0.10,0.10,-0.00,1.08,0.00,210.50,-1.08,-0.00,0.00,-75.07,0.00,0.00,0.88,-10.10,0.00,0.00,0.00,1.00,0
387,Tree3,0.10,0.10,0.10,-0.00,1.08,0.00,210.50,-1.08,-0.00,0.00,-88.16,0.00,0.00,0.88,-9.57,0.00,0.00,0.00,1.00,0
388,Tree1,0.10,0.10,0.10,-0.00,1.08,0.00,200.14,-1.08,-0.00,0.00,23.86,0.00,0.00,0.88,3.94,0.00,0.00,0.00,1.00,0
389,Tree2,0.10,0.10,0.10,-0.00,1.08,0.00,205.37,-1.08,-0.00,0.00,2.92,0.00,0.00,0.88,0.19,0.00,0.00,0.00,1.00,0
390,Tree3,0.10,0.10,0.10,-0.00,1.08,0.00,207.88,-1.08,-0.00,0.00,-22.74,0.00,0.00,0.88,-1.07,0.00,0.00,0.00,1.00,0
391,Tree1,0.10,0.10,0.10,-0.00,1.08,0.00,200.03,-1.08,-0.00,0.00,-90.77,0.00,0.00,0.88,-10.24,0.00,0.00,0.00,1.00,0
392,Tree2,0.10,0.10,0.10,-0.00,1.08,0.00,194.80,-1.08,-0.00,0.00,19.13,0.00,0.00,0.88,1.58,0.00,0.00,0.00,1.00,0
393,Tree3,0.10,0.10,0.10,-0.00,1.08,0.00,192.18,-1.08,-0.00,0.00,13.90,0.00,0.00,0.88,1.33,0.00,0.00,0.00,1.00,0
394,Tree1,0.10,0.10,0.10,-0.00,1.08,0.00,189.67,-1.08,-0.00,0.00,-148.85,0.00,0.00,0.88,-5.88,0.00,0.00,0.00,1.00,0
395,Tree3,0.10,0.10,0.10,-0.00,1.08,0.00,186.95,-1.08,-0.00,0.00,-158.81,0.00,0.00,0.88,-4.64,0.00,0.00,0.00,1.00,0
396,Tree1,0.10,0.10,0.10,-0.00,1.08,0.00,184.44,-1.08,-0.00,0.00,-185.49,0.00,0.00,0.88,1.04,0.00,0.00,0.00,1.00,0
397,Tree2,0.10,0.10,0.10,-0.00,1.08,0.00,173.97,-1.08,-0.00,0.00,23.86,0.00,0.00,0.88,3.72,0.00,0.00,0.00,1.00,0
398,Tree3,0.10,0.10,0.10,-0.00,1.08,0.00,168.63,-1.08,-0.00,0.00,-9.65,0.00,0.00,0.88,-5.04,0.00,0.00,0.00,1.00,0
399,Tree2,0.10,0.10,0.10,-0.00,1.08,0.00,158.27,-1.08,-0.00,0.00,5.54,0.00,0.00,0.88,-1.21,0.00,0.00,0.00,1.00,0
400,Tree3,0.10,0.10,0.10,-0.00,1.08,0.00,163.39,-1.08,-0.00,0.00,-82.92,0.00,0.00,0.88,-11.24,0.00,0.00,0.00,1.00,0
401,Tree1,0.10,0.10,0.10,-0.00,1.08,0.00,158.16,-1.08,-0.00,0.00,-103.86,0.00,0.00,0.88,-6.45,0.00,0.00,0.00,1.00,0
402,Tree2,0.10,0.10,0.10,-0.00,1.08,0.00,158.27,-1.08,-0.00,0.00,-122.68,0.00,0.00,0.88,-5.43,0.00,0.00,0.00,1.00,0
403,Tree3,0.10,0.10,0.10,-0.00,1.08,0.00,158.27,-1.08,-0.00,0.00,-146.23,0.00,0.00,0.88,-0.31,0.00,0.00,0.00,1.00,0
404,Tree1,0.10,0.10,0.10,-0.00,1.08,0.00,150.42,-1.08,-0.00,0.00,-41.56,0.00,0.00,0.88,-9.20,0.00,0.00,0.00,1.00,0
405,Tree2,0.10,0.10,0.10,-0.00,1.08,0.00,147.80,-1.08,-0.00,0.00,-62.50,0.00,0.00,0.88,-10.11,0.00,0.00,0.00,1.00,0
406,Tree3,0.10,0.10,0.10,-0.00,1.08,0.00,155.54,-1.08,-0.00,0.00,-85.54,0.00,0.00,0.88,-10.93,0.00,0.00,0.00,1.00,0
407,Tree1,0.10,0.10,0.10,-0.00,1.08,0.00,150.42,-1.08,-0.00,0.00,-88.66,0.00,0.00,0.88,-9.29,0.00,0.00,0.00,1.00,0
408,Tree2,0.10,0.10,0.10,-0.00,1.08,0.00,150.31,-1.08,-0.00,0.00,-116.94,0.00,0.00,0.88,-7.06,0.00,0.00,0.00,1.00,0
409,Tree3,0.10,0.10,0.10,-0.00,1.08,0.00,147.80,-1.08,-0.00,0.00,-117.45,0.00,0.00,0.88,-9.26,0.00,0.00,0.00,1.00,0
410,Tree1,0.10,0.10,0.10,-0.00,1.08,0.00,147.80,-1.08,-0.00,0.00,-146.23,0.00,0.00,0.88,-0.90,0.00,0.00,0.00,1.00,0
411,Tree2,0.10,0.10,0.10,-0.00,1.08,0.00,150.31,-1.08,-0.00,0.00,-190.21,0.00,0.00,0.88,8.97,0.00,0.00,0.00,1.00,0
412,Tree3,0.10,0.10,0.10,-0.00,1.08,0.00,142.57,-1.08,-0.00,0.00,-52.03,0.00,0.00,0.88,-7.93,0.00,0.00,0.00,1.00,0
413,Tree1,0.10,0.10,0.10,-0.00,1.08,0.00,137.23,-1.08,-0.00,0.00,-59.37,0.00,0.00,0.88,-8.32,0.00,0.00,0.00,1.00,0
414,Tree2,0.10,0.10,0.10,-0.00,1.08,0.00,137.34,-1.08,-0.00,0.00,-83.43,0.00,0.00,0.88,-9.06,0.00,0.00,0.00,1.00,0
415,Tree3,0.10,0.10,0.10,-0.00,1.08,0.00,145.08,-1.08,-0.00,0.00,-106.47,0.00,0.00,0.88,-7.20,0.00,0.00,0.00,1.00,0
416,Tree1,0.10,0.10,0.10,-0.00,1.08,0.00,139.95,-1.08,-0.00,0.00,-109.60,0.00,0.00,0.88,-6.57,0.00,0.00,0.00,1.00,0
417,Tree2,0.10,0.10,0.10,-0.00,1.08,0.00,142.46,-1.08,-0.00,0.00,-135.26,0.00,0.00,0.88,-3.88,0.00,0.00,0.00,1.00,0
418,Tree3,0.10,0.10,0.10,-0.00,1.08,0.00,137.23,-1.08,-0.00,0.00,-140.49,0.00,0.00,0.88,-0.26,0.00,0.00,0.00,1.00,0
419,Tree1,0.10,0.10,0.10,-0.00,1.08,0.00,142.57,-1.08,-0.00,0.00,-185.49,0.00,0.00,0.88,11.08,0.00,0.00,0.00,1.00,0
420,Tree2,0.10,0.10,0.10,-0.00,1.08,0.00,129.48,-1.08,-0.00,0.00,-52.03,0.00,0.00,0.88,-6.71,0.00,0.00,0.00,1.00,0
421,Tree3,0.10,0.10,0.10,-0.00,1.08,0.00,132.10,-1.08,-0.00,0.00,-70.35,0.00,0.00,0.88,-8.51,0.00,0.00,0.00,1.00,0
422,Tree1,0.10,0.10,0.10,-0.00,1.08,0.00,126.87,-1.08,-0.00,0.00,-78.20,0.00,0.00,0.88,-8.02,0.00,0.00,0.00,1.00,0
423,Tree2,0.10,0.10,0.10,-0.00,1.08,0.00,126.76,-1.08,-0.00,0.00,-106.47,0.00,0.00,0.88,-3.31,0.00,0.00,0.00,1.00,0
424,Tree3,0.10,0.10,0.10,-0.00,1.08,0.00,131.99,-1.08,-0.00,0.00,-127.41,0.00,0.00,0.88,-3.85,0.00,0.00,0.00,1.00,0
425,Tree1,0.10,0.10,0.10,-0.00,1.08,0.00,134.61,-1.08,-0.00,0.00,-148.34,0.00,0.00,0.88,5.33,0.00,0.00,0.00,1.00,0
426,Tree2,0.10,0.10,0.10,-0.00,1.08,0.00,126.76,-1.08,-0.00,0.00,-161.43,0.00,0.00,0.88,16.25,0.00,0.00,0.00,1.00,0
427,Tree3,0.10,0.10,0.10,-0.00,1.08,0.00,119.02,-1.08,-0.00,0.00,-52.03,0.00,0.00,0.88,-5.24,0.00,0.00,0.00,1.00,0
428,Tree1,0.10,0.10,0.10,-0.00,1.08,0.00,121.63,-1.08,-0.00,0.00,-72.96,0.00,0.00,0.88,-7.09,0.00,0.00,0.00,1.00,0
429,Tree2,0.10,0.10,0.10,-0.00,1.08,0.00,116.40,-1.08,-0.00,0.00,-78.20,0.00,0.00,0.88,-5.81,0.00,0.00,0.00,1.00,0
430,Tree3,0.10,0.10,0.10,-0.00,1.08,0.00,116.40,-1.08,-0.00,0.00,-112.21,0.00,0.00,0.88,2.18,0.00,0.00,0.00,1.00,0
431,Tree1,0.10,0.10,0.10,-0.00,1.08,0.00,118.91,-1.08,-0.00,0.00,-153.58,0.00,0.00,0.88,17.83,0.00,0.00,0.00,1.00,0
432,Tree2,0.10,0.10,0.10,-0.00,1.08,0.00,105.83,-1.08,-0.00,0.00,-46.29,0.00,0.00,0.88,-3.83,0.00,0.00,0.00,1.00,0
433,Tree3,0.10,0.10,0.10,-0.00,1.08,0.00,105.93,-1.08,-0.00,0.00,-70.35,0.00,0.00,0.88,-5.28,0.00,0.00,0.00,1.00,0
434,Tree1,0.10,0.10,0.10,-0.00,1.08,0.00,113.68,-1.08,-0.00,0.00,-106.47,0.00,0.00,0.88,1.56,0.00,0.00,0.00,1.00,0
435,Tree2,0.10,0.10,0.10,-0.00,1.08,0.00,105.83,-1.08,-0.00,0.00,-109.09,0.00,0.00,0.88,6.61,0.00,0.00,0.00,1.00,0
436,Tree3,0.10,0.10,0.10,-0.00,1.08,0.00,113.68,-1.08,-0.00,0.00,-177.58,0.00,0.00,0.88,21.40,0.00,0.00,0.00,1.00,0
437,Tree1,0.10,0.10,0.10,-0.00,1.08,0.00,95.36,-1.08,-0.00,0.00,-48.90,0.00,0.00,0.88,-5.22,0.00,0.00,0.00,1.00,0
438,Tree2,0.10,0.10,0.10,-0.00,1.08,0.00,95.47,-1.08,-0.00,0.00,-70.35,0.00,0.00,0.88,-4.81,0.00,0.00,0.00,1.00,0
439,Tree3,0.10,0.10,0.10,-0.00,1.08,0.00,103.21,-1.08,-0.00,0.00,-106.47,0.00,0.00,0.88,7.39,0.00,0.00,0.00,1.00,0
440,Tree1,0.10,0.10,0.10,-0.00,1.08,0.00,85.00,-1.08,-0.00,0.00,-49.41,0.00,0.00,0.88,-1.15,0.00,0.00,0.00,1.00,0
441,Tree2,0.10,0.10,0.10,-0.00,1.08,0.00,85.00,-1.08,-0.00,0.00,-70.35,0.00,0.00,0.88,-2.42,0.00,0.00,0.00,1.00,0
442,Tree3,0.10,0.10,0.10,-0.00,1.08,0.00,84.89,-1.08,-0.00,0.00,-90.77,0.00,0.00,0.88,5.93,0.00,0.00,0.00,1.00,0
443,Tree1,0.10,0.10,0.10,-0.00,1.08,0.00,74.53,-1.08,-0.00,0.00,-62.50,0.00,0.00,0.88,1.17,0.00,0.00,0.00,1.00,0
444,Tree2,0.10,0.10,0.10,-0.00,1.08,0.00,82.27,-1.08,-0.00,0.00,-85.54,0.00,0.00,0.88,3.09,0.00,0.00,0.00,1.00,0
445,Tree3,0.10,0.10,0.10,-0.00,1.08,0.00,77.04,-1.08,-0.00,0.00,-90.77,0.00,0.00,0.88,8.01,0.00,0.00,0.00,1.00,0
446,Tree1,0.10,0.10,0.10,-0.00,1.08,0.00,77.15,-1.08,-0.00,0.00,-109.60,0.00,0.00,0.88,16.10,0.00,0.00,0.00,1.00,0
447,Tree2,0.10,0.10,0.10,-0.00,1.08,0.00,69.30,-1.08,-0.00,0.00,-72.96,0.00,0.00,0.88,3.46,0.00,0.00,0.00,1.00,0
448,Tree3,0.10,0.10,0.10,-0.00,1.08,0.00,63.96,-1.08,-0.00,0.00,-77.69,0.00,0.00,0.88,7.00,0.00,0.00,0.00,1.00,0
449,Tree1,0.10,0.10,0.10,-0.00,1.08,0.00,63.96,-1.08,-0.00,0.00,-109.09,0.00,0.00,0.88,15.52,0.00,0.00,0.00,1.00,0
450,Tree2,0.10,0.10,0.10,-0.00,1.08,0.00,63.96,-1.08,-0.00,0.00,-153.58,0.00,0.00,0.88,30.28,0.00,0.00,0.00,1.00,0
451,Tree3,0.10,0.10,0.10,-0.00,1.08,0.00,53.49,-1.08,-0.00,0.00,-72.46,0.00,0.00,0.88,8.69,0.00,0.00,0.00,1.00,0
452,Tree1,0.10,0.10,0.10,-0.00,1.08,0.00,56.21,-1.08,-0.00,0.00,-141.00,0.00,0.00,0.88,23.85,0.00,0.00,0.00,1.00,0
453,Tree2,0.10,0.10,0.10,-0.00,1.08,0.00,45.64,-1.08,-0.00,0.00,-64.60,0.00,0.00,0.88,7.87,0.00,0.00,0.00,1.00,0
454,Tree1,0.10,0.10,0.10,-0.00,1.08,0.00,215.73,-1.08,-0.00,0.00,13.90,0.00,0.00,0.88,5.45,0.00,0.00,0.00,1.00,0
455,Tree2,0.10,0.10,0.10,-0.00,1.08,0.00,215.84,-1.08,-0.00,0.00,-67.73,0.00,0.00,0.88,-7.58,0.00,0.00,0.00,1.00,0
456,Tree3,0.10,0.10,0.10,-0.00,1.08,0.00,205.26,-1.08,-0.00,0.00,6.05,0.00,0.00,0.88,1.90,0.00,0.00,0.00,1.00,0
457,Tree3,0.10,0.10,0.10,-0.00,1.08,0.00,184.44,-1.08,-0.00,0.00,-180.25,0.00,0.00,0.88,-0.36,0.00,0.00,0.00,1.00,0
458,Tree1,0.10,0.10,0.10,-0.00,1.08,0.00,166.01,-1.08,-0.00,0.00,24.37,0.00,0.00,0.88,2.28,0.00,0.00,0.00,1.00,0
459,Tree2,0.10,0.10,0.10,-0.00,1.08,0.00,163.50,-1.08,-0.00,0.00,-117.45,0.00,0.00,0.88,-6.22,0.00,0.00,0.00,1.00,0
460,Tree3,0.10,0.10,0.10,-0.00,1.08,0.00,155.54,-1.08,-0.00,0.00,-69.84,0.00,0.00,0.88,-11.07,0.00,0.00,0.00,1.00,0
461,Tree1,0.10,0.10,0.10,-0.00,1.08,0.00,155.65,-1.08,-0.00,0.00,-120.07,0.00,0.00,0.88,-5.90,0.00,0.00,0.00,1.00,0
462,Tree2,0.10,0.10,0.10,-0.00,1.08,0.00,142.57,-1.08,-0.00,0.00,-46.80,0.00,0.00,0.88,-7.69,0.00,0.00,0.00,1.00,0
463,Tree3,0.10,0.10,0.10,-0.00,1.08,0.00,142.57,-1.08,-0.00,0.00,-99.13,0.00,0.00,0.88,-7.96,0.00,0.00,0.00,1.00,0
464,Tree1,0.10,0.10,0.10,-0.00,1.08,0.00,145.08,-1.08,-0.00,0.00,-153.58,0.00,0.00,0.88,3.67,0.00,0.00,0.00,1.00,0
465,Tree2,0.10,0.10,0.10,-0.00,1.08,0.00,131.99,-1.08,-0.00,0.00,-67.22,0.00,0.00,0.88,-9.61,0.00,0.00,0.00,1.00,0
466,Tree3,0.10,0.10,0.10,-0.00,1.08,0.00,132.10,-1.08,-0.00,0.00,-117.45,0.00,0.00,0.88,-4.29,0.00,0.00,0.00,1.00,0
467,Tree1,0.10,0.10,0.10,-0.00,1.08,0.00,131.99,-1.08,-0.00,0.00,-192.83,0.00,0.00,0.88,11.93,0.00,0.00,0.00,1.00,0
468,Tree2,0.10,0.10,0.10,-0.00,1.08,0.00,121.53,-1.08,-0.00,0.00,-88.16,0.00,0.00,0.88,-5.98,0.00,0.00,0.00,1.00,0
469,Tree3,0.10,0.10,0.10,-0.00,1.08,0.00,113.78,-1.08,-0.00,0.00,-57.26,0.00,0.00,0.88,-4.94,0.00,0.00,0.00,1.00,0
470,Tree2,0.10,0.10,0.10,-0.00,1.08,0.00,100.59,-1.08,-0.00,0.00,-69.84,0.00,0.00,0.88,-5.33,0.00,0.00,0.00,1.00,0
471,Tree3,0.10,0.10,0.10,-0.00,1.08,0.00,90.12,-1.08,-0.00,0.00,-48.90,0.00,0.00,0.88,-3.67,0.00,0.00,0.00,1.00,0
472,Tree1,0.10,0.10,0.10,-0.00,1.08,0.00,82.27,-1.08,-0.00,0.00,-69.84,0.00,0.00,0.88,-1.73,0.00,0.00,0.00,1.00,0
473,Tree2,0.10,0.10,0.10,-0.00,1.08,0.00,71.92,-1.08,-0.00,0.00,-57.26,0.00,0.00,0.88,2.34,0.00,0.00,0.00,1.00,0
474,Tree3,0.10,0.10,0.10,-0.00,1.08,0.00,69.19,-1.08,-0.00,0.00,-109.09,0.00,0.00,0.88,15.70,0.00,0.00,0.00,1.00,0
475,Tree1,0.10,0.10,0.10,-0.00,1.08,0.00,58.83,-1.08,-0.00,0.00,-141.00,0.00,0.00,0.88,24.25,0.00,0.00,0.00,1.00,0
476,Tree1,0.10,0.10,0.10,-0.00,1.08,0.00,223.69,-1.08,-0.00,0.00,-28.48,0.00,0.00,0.88,2.85,0.00,0.00,0.00,1.00,0
477,Tree2,0.10,0.10,0.10,-0.00,1.08,0.00,213.22,-1.08,-0.00,0.00,-12.78,0.00,0.00,0.88,-0.49,0.00,0.00,0.00,1.00,0
478,Tree1,0.10,0.10,0.10,-0.00,1.08,0.00,202.75,-1.08,-0.00,0.00,-91.28,0.00,0.00,0.88,-10.51,0.00,0.00,0.00,1.00,0
479,Tree2,0.10,0.10,0.10,-0.00,1.08,0.00,192.18,-1.08,-0.00,0.00,-145.73,0.00,0.00,0.88,-6.66,0.00,0.00,0.00,1.00,0
480,Tree3,0.10,0.10,0.10,-0.00,1.08,0.00,186.95,-1.08,-0.00,0.00,-177.13,0.00,0.00,0.88,-2.44,0.00,0.00,0.00,1.00,0
481,Tree1,0.10,0.10,0.10,-0.00,1.08,0.00,171.35,-1.08,-0.00,0.00,-18.01,0.00,0.00,0.88,-7.37,0.00,0.00,0.00,1.00,0
482,Tree2,0.10,0.10,0.10,-0.00,1.08,0.00,160.78,-1.08,-0.00,0.00,-77.69,0.00,0.00,0.88,-11.24,0.00,0.00,0.00,1.00,0
483,Tree3,0.10,0.10,0.10,-0.00,1.08,0.00,150.31,-1.08,-0.00,0.00,0.82,0.00,0.00,0.88,1.07,0.00,0.00,0.00,1.00,0
484,Tree1,0.10,0.10,0.10,-0.00,1.08,0.00,150.31,-1.08,-0.00,0.00,-88.16,0.00,0.00,0.88,-9.60,0.00,0.00,0.00,1.00,0
485,Tree2,0.10,0.10,0.10,-0.00,1.08,0.00,150.42,-1.08,-0.00,0.00,-143.62,0.00,0.00,0.88,-1.18,0.00,0.00,0.00,1.00,0
486,Tree3,0.10,0.10,0.10,-0.00,1.08,0.00,145.19,-1.08,-0.00,0.00,-70.35,0.00,0.00,0.88,-10.44,0.00,0.00,0.00,1.00,0
487,Tree1,0.10,0.10,0.10,-0.00,1.08,0.00,139.95,-1.08,-0.00,0.00,-106.98,0.00,0.00,0.88,-6.58,0.00,0.00,0.00,1.00,0
488,Tree2,0.10,0.10,0.10,-0.00,1.08,0.00,139.95,-1.08,-0.00,0.00,-185.49,0.00,0.00,0.88,11.83,0.00,0.00,0.00,1.00,0
489,Tree3,0.10,0.10,0.10,-0.00,1.08,0.00,134.61,-1.08,-0.00,0.00,-93.39,0.00,0.00,0.88,-7.18,0.00,0.00,0.00,1.00,0
490,Tree1,0.10,0.10,0.10,-0.00,1.08,0.00,134.61,-1.08,-0.00,0.00,-145.73,0.00,0.00,0.88,4.12,0.00,0.00,0.00,1.00,0
491,Tree2,0.10,0.10,0.10,-0.00,1.08,0.00,119.02,-1.08,-0.00,0.00,-54.65,0.00,0.00,0.88,-5.34,0.00,0.00,0.00,1.00,0
492,Tree3,0.10,0.10,0.10,-0.00,1.08,0.00,124.14,-1.08,-0.00,0.00,-156.19,0.00,0.00,0.88,15.48,0.00,0.00,0.00,1.00,0
493,Tree1,0.10,0.10,0.10,-0.00,1.08,0.00,108.55,-1.08,-0.00,0.00,-75.58,0.00,0.00,0.88,-4.60,0.00,0.00,0.00,1.00,0
494,Tree2,0.10,0.10,0.10,-0.00,1.08,0.00,103.32,-1.08,-0.00,0.00,-49.41,0.00,0.00,0.88,-3.83,0.00,0.00,0.00,1.00,0
495,Tree3,0.10,0.10,0.10,-0.00,1.08,0.00,97.97,-1.08,-0.00,0.00,-109.09,0.00,0.00,0.88,9.22,0.00,0.00,0.00,1.00,0
496,Tree1,0.10,0.10,0.10,-0.00,1.08,0.00,82.38,-1.08,-0.00,0.00,-59.88,0.00,0.00,0.88,-2.72,0.00,0.00,0.00,1.00,0
497,Tree2,0.10,0.10,0.10,-0.00,1.08,0.00,82.27,-1.08,-0.00,0.00,-114.32,0.00,0.00,0.88,15.29,0.00,0.00,0.00,1.00,0
498,Tree3,0.10,0.10,0.10,-0.00,1.08,0.00,71.81,-1.08,-0.00,0.00,-114.32,0.00,0.00,0.88,17.52,0.00,0.00,0.00,1.00,0
499,Tree1,0.10,0.10,0.10,-0.00,1.08,0.00,56.21,-1.08,-0.00,0.00,-75.58,0.00,0.00,0.88,8.97,0.00,0.00,0.00,1.00,0
500,Tree1,0.10,0.10,0.10,-0.00,1.08,0.00,207.88,-1.08,-0.00,0.00,-88.16,0.00,0.00,0.88,-10.76,0.00,0.00,0.00,1.00,0
501,Tree2,0.10,0.10,0.10,-0.00,1.08,0.00,176.48,-1.08,-0.00,0.00,-14.89,0.00,0.00,0.88,-5.94,0.00,0.00,0.00,1.00,0
502,Tree3,0.10,0.10,0.10,-0.00,1.08,0.00,155.65,-1.08,-0.00,0.00,-127.92,0.00,0.00,0.88,-4.62,0.00,0.00,0.00,1.00,0
503,Tree1,0.10,0.10,0.10,-0.00,1.08,0.00,145.08,-1.08,-0.00,0.00,-161.43,0.00,0.00,0.88,9.10,0.00,0.00,0.00,1.00,0
504,Tree2,0.10,0.10,0.10,-0.00,1.08,0.00,124.25,-1.08,-0.00,0.00,-44.18,0.00,0.00,0.88,-5.84,0.00,0.00,0.00,1.00,0
505,Tree3,0.10,0.10,0.10,-0.00,1.08,0.00,113.78,-1.08,-0.00,0.00,-106.98,0.00,0.00,0.88,1.61,0.00,0.00,0.00,1.00,0
506,Tree1,0.10,0.10,0.10,-0.00,1.08,0.00,92.74,-1.08,-0.00,0.00,-77.69,0.00,0.00,0.88,-2.21,0.00,0.00,0.00,1.00,0
507,Tree2,0.10,0.10,0.10,-0.00,1.08,0.00,61.34,-1.08,-0.00,0.00,-67.22,0.00,0.00,0.88,6.20,0.00,0.00,0.00,1.00,0
508,Tree3,0.10,0.10,0.10,-0.00,1.08,0.00,220.96,-1.08,-0.00,0.00,3.03,0.00,0.00,0.88,3.18,0.00,0.00,0.00,1.00,0
509,Tree1,0.10,0.10,0.10,-0.00,1.08,0.00,220.96,-1.08,-0.00,0.00,-10.05,0.00,0.00,0.88,1.71,0.00,0.00,0.00,1.00,0
510,Tree2,0.10,0.10,0.10,-0.00,1.08,0.00,223.58,-1.08,-0.00,0.00,-20.52,0.00,0.00,0.88,4.30,0.00,0.00,0.00,1.00,0
511,Tree3,0.10,0.10,0.10,-0.00,1.08,0.00,220.96,-1.08,-0.00,0.00,-30.99,0.00,0.00,0.88,2.43,0.00,0.00,0.00,1.00,0
512,Tree1,0.10,0.10,0.10,-0.00,1.08,0.00,220.96,-1.08,-0.00,0.00,-78.09,0.00,0.00,0.88,-8.11,0.00,0.00,0.00,1.00,0
513,Tree3,0.10,0.10,0.10,-0.00,1.08,0.00,213.11,-1.08,-0.00,0.00,16.12,0.00,0.00,0.88,6.10,0.00,0.00,0.00,1.00,0
514,Tree1,0.10,0.10,0.10,-0.00,1.08,0.00,210.50,-1.08,-0.00,0.00,3.03,0.00,0.00,0.88,1.53,0.00,0.00,0.00,1.00,0
515,Tree2,0.10,0.10,0.10,-0.00,1.08,0.00,210.50,-1.08,-0.00,0.00,-10.05,0.00,0.00,0.88,0.93,0.00,0.00,0.00,1.00,0
516,Tree3,0.10,0.10,0.10,-0.00,1.08,0.00,213.11,-1.08,-0.00,0.00,-20.52,0.00,0.00,0.88,-0.08,0.00,0.00,0.00,1.00,0
517,Tree1,0.10,0.10,0.10,-0.00,1.08,0.00,210.50,-1.08,-0.00,0.00,-28.37,0.00,0.00,0.88,-2.39,0.00,0.00,0.00,1.00,0
518,Tree2,0.10,0.10,0.10,-0.00,1.08,0.00,218.35,-1.08,-0.00,0.00,-83.32,0.00,0.00,0.88,-7.69,0.00,0.00,0.00,1.00,0
519,Tree3,0.10,0.10,0.10,-0.00,1.08,0.00,210.50,-1.08,-0.00,0.00,-75.47,0.00,0.00,0.88,-9.97,0.00,0.00,0.00,1.00,0
520,Tree3,0.10,0.10,0.10,-0.00,1.08,0.00,205.26,-1.08,-0.00,0.00,10.88,0.00,0.00,0.88,4.19,0.00,0.00,0.00,1.00,0
521,Tree1,0.10,0.10,0.10,-0.00,1.08,0.00,207.88,-1.08,-0.00,0.00,0.42,0.00,0.00,0.88,-0.82,0.00,0.00,0.00,1.00,0
522,Tree2,0.10,0.10,0.10,-0.00,1.08,0.00,207.88,-1.08,-0.00,0.00,-10.05,0.00,0.00,0.88,-0.25,0.00,0.00,0.00,1.00,0
523,Tree3,0.10,0.10,0.10,-0.00,1.08,0.00,205.26,-1.08,-0.00,0.00,-20.52,0.00,0.00,0.88,-1.77,0.00,0.00,0.00,1.00,0
524,Tree1,0.10,0.10,0.10,-0.00,1.08,0.00,205.26,-1.08,-0.00,0.00,-91.17,0.00,0.00,0.88,-9.67,0.00,0.00,0.00,1.00,0
525,Tree1,0.10,0.10,0.10,-0.00,1.08,0.00,192.18,-1.08,-0.00,0.00,26.58,0.00,0.00,0.88,3.09,0.00,0.00,0.00,1.00,0
526,Tree2,0.10,0.10,0.10,-0.00,1.08,0.00,192.18,-1.08,-0.00,0.00,16.12,0.00,0.00,0.88,1.82,0.00,0.00,0.00,1.00,0
527,Tree3,0.10,0.10,0.10,-0.00,1.08,0.00,192.18,-1.08,-0.00,0.00,-146.12,0.00,0.00,0.88,-6.64,0.00,0.00,0.00,1.00,0
528,Tree1,0.10,0.10,0.10,-0.00,1.08,0.00,192.18,-1.08,-0.00,0.00,-161.83,0.00,0.00,0.88,-2.68,0.00,0.00,0.00,1.00,0
529,Tree3,0.10,0.10,0.10,-0.00,1.08,0.00,184.33,-1.08,-0.00,0.00,21.35,0.00,0.00,0.88,2.59,0.00,0.00,0.00,1.00,0
530,Tree1,0.10,0.10,0.10,-0.00,1.08,0.00,186.95,-1.08,-0.00,0.00,10.88,0.00,0.00,0.88,-1.34,0.00,0.00,0.00,1.00,0
531,Tree2,0.10,0.10,0.10,-0.00,1.08,0.00,184.33,-1.08,-0.00,0.00,-164.44,0.00,0.00,0.88,-3.24,0.00,0.00,0.00,1.00,0
532,Tree3,0.10,0.10,0.10,-0.00,1.08,0.00,181.71,-1.08,-0.00,0.00,-172.29,0.00,0.00,0.88,-0.33,0.00,0.00,0.00,1.00,0
533,Tree2,0.10,0.10,0.10,-0.00,1.08,0.00,173.86,-1.08,-0.00,0.00,23.97,0.00,0.00,0.88,3.78,0.00,0.00,0.00,1.00,0
534,Tree3,0.10,0.10,0.10,-0.00,1.08,0.00,168.63,-1.08,-0.00,0.00,3.03,0.00,0.00,0.88,-1.34,0.00,0.00,0.00,1.00,0
535,Tree1,0.10,0.10,0.10,-0.00,1.08,0.00,171.24,-1.08,-0.00,0.00,-4.82,0.00,0.00,0.88,-2.39,0.00,0.00,0.00,1.00,0
536,Tree2,0.10,0.10,0.10,-0.00,1.08,0.00,171.24,-1.08,-0.00,0.00,-15.29,0.00,0.00,0.88,-6.44,0.00,0.00,0.00,1.00,0
537,Tree1,0.10,0.10,0.10,-0.00,1.08,0.00,158.16,-1.08,-0.00,0.00,3.03,0.00,0.00,0.88,-1.26,0.00,0.00,0.00,1.00,0
538,Tree2,0.10,0.10,0.10,-0.00,1.08,0.00,158.16,-1.08,-0.00,0.00,-4.82,0.00,0.00,0.88,-2.63,0.00,0.00,0.00,1.00,0
539,Tree3,0.10,0.10,0.10,-0.00,1.08,0.00,158.16,-1.08,-0.00,0.00,-70.24,0.00,0.00,0.88,-11.22,0.00,0.00,0.00,1.00,0
540,Tree1,0.10,0.10,0.10,-0.00,1.08,0.00,160.78,-1.08,-0.00,0.00,-93.79,0.00,0.00,0.88,-8.71,0.00,0.00,0.00,1.00,0
541,Tree2,0.10,0.10,0.10,-0.00,1.08,0.00,158.16,-1.08,-0.00,0.00,-101.64,0.00,0.00,0.88,-6.80,0.00,0.00,0.00,1.00,0
542,Tree3,0.10,0.10,0.10,-0.00,1.08,0.00,158.16,-1.08,-0.00,0.00,-106.87,0.00,0.00,0.88,-6.00,0.00,0.00,0.00,1.00,0
543,Tree1,0.10,0.10,0.10,-0.00,1.08,0.00,160.78,-1.08,-0.00,0.00,-146.12,0.00,0.00,0.88,-0.31,0.00,0.00,0.00,1.00,0
544,Tree2,0.10,0.10,0.10,-0.00,1.08,0.00,160.78,-1.08,-0.00,0.00,-151.36,0.00,0.00,0.88,1.35,0.00,0.00,0.00,1.00,0
545,Tree3,0.10,0.10,0.10,-0.00,1.08,0.00,147.69,-1.08,-0.00,0.00,-41.45,0.00,0.00,0.88,-8.78,0.00,0.00,0.00,1.00,0
546,Tree1,0.10,0.10,0.10,-0.00,1.08,0.00,147.69,-1.08,-0.00,0.00,-46.69,0.00,0.00,0.88,-8.56,0.00,0.00,0.00,1.00,0
547,Tree2,0.10,0.10,0.10,-0.00,1.08,0.00,147.69,-1.08,-0.00,0.00,-57.15,0.00,0.00,0.88,-9.12,0.00,0.00,0.00,1.00,0
548,Tree3,0.10,0.10,0.10,-0.00,1.08,0.00,150.31,-1.08,-0.00,0.00,-67.62,0.00,0.00,0.88,-10.74,0.00,0.00,0.00,1.00,0
549,Tree1,0.10,0.10,0.10,-0.00,1.08,0.00,147.69,-1.08,-0.00,0.00,-80.70,0.00,0.00,0.88,-9.97,0.00,0.00,0.00,1.00,0
550,Tree2,0.10,0.10,0.10,-0.00,1.08,0.00,147.69,-1.08,-0.00,0.00,-91.17,0.00,0.00,0.88,-9.90,0.00,0.00,0.00,1.00,0
551,Tree3,0.10,0.10,0.10,-0.00,1.08,0.00,147.69,-1.08,-0.00,0.00,-104.26,0.00,0.00,0.88,-6.91,0.00,0.00,0.00,1.00,0
552,Tree1,0.10,0.10,0.10,-0.00,1.08,0.00,150.31,-1.08,-0.00,0.00,-114.72,0.00,0.00,0.88,-6.62,0.00,0.00,0.00,1.00,0
553,Tree2,0.10,0.10,0.10,-0.00,1.08,0.00,152.93,-1.08,-0.00,0.00,-122.57,0.00,0.00,0.88,-5.92,0.00,0.00,0.00,1.00,0
554,Tree3,0.10,0.10,0.10,-0.00,1.08,0.00,152.93,-1.08,-0.00,0.00,-133.04,0.00,0.00,0.88,-4.46,0.00,0.00,0.00,1.00,0
555,Tree1,0.10,0.10,0.10,-0.00,1.08,0.00,152.93,-1.08,-0.00,0.00,-146.12,0.00,0.00,0.88,-0.21,0.00,0.00,0.00,1.00,0
556,Tree2,0.10,0.10,0.10,-0.00,1.08,0.00,152.93,-1.08,-0.00,0.00,-153.98,0.00,0.00,0.88,3.06,0.00,0.00,0.00,1.00,0
557,Tree3,0.10,0.10,0.10,-0.00,1.08,0.00,137.23,-1.08,-0.00,0.00,-41.45,0.00,0.00,0.88,-6.43,0.00,0.00,0.00,1.00,0
558,Tree1,0.10,0.10,0.10,-0.00,1.08,0.00,137.23,-1.08,-0.00,0.00,-44.07,0.00,0.00,0.88,-6.69,0.00,0.00,0.00,1.00,0
559,Tree2,0.10,0.10,0.10,-0.00,1.08,0.00,137.23,-1.08,-0.00,0.00,-57.15,0.00,0.00,0.88,-7.99,0.00,0.00,0.00,1.00,0
560,Tree3,0.10,0.10,0.10,-0.00,1.08,0.00,139.84,-1.08,-0.00,0.00,-67.62,0.00,0.00,0.88,-9.28,0.00,0.00,0.00,1.00,0
561,Tree1,0.10,0.10,0.10,-0.00,1.08,0.00,139.84,-1.08,-0.00,0.00,-78.09,0.00,0.00,0.88,-9.05,0.00,0.00,0.00,1.00,0
562,Tree2,0.10,0.10,0.10,-0.00,1.08,0.00,137.23,-1.08,-0.00,0.00,-91.17,0.00,0.00,0.88,-9.55,0.00,0.00,0.00,1.00,0
563,Tree3,0.10,0.10,0.10,-0.00,1.08,0.00,137.23,-1.08,-0.00,0.00,-104.26,0.00,0.00,0.88,-6.47,0.00,0.00,0.00,1.00,0
564,Tree1,0.10,0.10,0.10,-0.00,1.08,0.00,139.84,-1.08,-0.00,0.00,-114.72,0.00,0.00,0.88,-6.48,0.00,0.00,0.00,1.00,0
565,Tree2,0.10,0.10,0.10,-0.00,1.08,0.00,142.46,-1.08,-0.00,0.00,-122.57,0.00,0.00,0.88,-6.47,0.00,0.00,0.00,1.00,0
566,Tree3,0.10,0.10,0.10,-0.00,1.08,0.00,142.46,-1.08,-0.00,0.00,-133.04,0.00,0.00,0.88,-5.99,0.00,0.00,0.00,1.00,0
567,Tree1,0.10,0.10,0.10,-0.00,1.08,0.00,142.46,-1.08,-0.00,0.00,-146.12,0.00,0.00,0.88,0.36,0.00,0.00,0.00,1.00,0
568,Tree2,0.10,0.10,0.10,-0.00,1.08,0.00,145.08,-1.08,-0.00,0.00,-156.59,0.00,0.00,0.88,5.97,0.00,0.00,0.00,1.00,0
569,Tree3,0.10,0.10,0.10,-0.00,1.08,0.00,129.38,-1.08,-0.00,0.00,-51.92,0.00,0.00,0.88,-6.67,0.00,0.00,0.00,1.00,0
570,Tree1,0.10,0.10,0.10,-0.00,1.08,0.00,126.76,-1.08,-0.00,0.00,-62.39,0.00,0.00,0.88,-7.47,0.00,0.00,0.00,1.00,0
571,Tree2,0.10,0.10,0.10,-0.00,1.08,0.00,129.38,-1.08,-0.00,0.00,-72.85,0.00,0.00,0.88,-8.95,0.00,0.00,0.00,1.00,0
572,Tree3,0.10,0.10,0.10,-0.00,1.08,0.00,131.99,-1.08,-0.00,0.00,-80.70,0.00,0.00,0.88,-9.02,0.00,0.00,0.00,1.00,0
573,Tree1,0.10,0.10,0.10,-0.00,1.08,0.00,131.99,-1.08,-0.00,0.00,-91.17,0.00,0.00,0.88,-7.66,0.00,0.00,0.00,1.00,0
574,Tree2,0.10,0.10,0.10,-0.00,1.08,0.00,131.99,-1.08,-0.00,0.00,-104.26,0.00,0.00,0.88,-5.01,0.00,0.00,0.00,1.00,0
575,Tree3,0.10,0.10,0.10,-0.00,1.08,0.00,134.61,-1.08,-0.00,0.00,-114.72,0.00,0.00,0.88,-6.66,0.00,0.00,0.00,1.00,0
576,Tree1,0.10,0.10,0.10,-0.00,1.08,0.00,126.76,-1.08,-0.00,0.00,-106.87,0.00,0.00,0.88,-3.35,0.00,0.00,0.00,1.00,0
577,Tree2,0.10,0.10,0.10,-0.00,1.08,0.00,131.99,-1.08,-0.00,0.00,-135.66,0.00,0.00,0.88,-0.25,0.00,0.00,0.00,1.00,0
578,Tree3,0.10,0.10,0.10,-0.00,1.08,0.00,134.61,-1.08,-0.00,0.00,-146.12,0.00,0.00,0.88,4.33,0.00,0.00,0.00,1.00,0
579,Tree1,0.10,0.10,0.10,-0.00,1.08,0.00,118.91,-1.08,-0.00,0.00,-51.92,0.00,0.00,0.88,-5.21,0.00,0.00,0.00,1.00,0
580,Tree2,0.10,0.10,0.10,-0.00,1.08,0.00,121.53,-1.08,-0.00,0.00,-59.77,0.00,0.00,0.88,-8.17,0.00,0.00,0.00,1.00,0
581,Tree3,0.10,0.10,0.10,-0.00,1.08,0.00,121.53,-1.08,-0.00,0.00,-70.24,0.00,0.00,0.88,-7.13,0.00,0.00,0.00,1.00,0
582,Tree1,0.10,0.10,0.10,-0.00,1.08,0.00,121.53,-1.08,-0.00,0.00,-83.32,0.00,0.00,0.88,-6.23,0.00,0.00,0.00,1.00,0
583,Tree2,0.10,0.10,0.10,-0.00,1.08,0.00,121.53,-1.08,-0.00,0.00,-93.79,0.00,0.00,0.88,-4.16,0.00,0.00,0.00,1.00,0
584,Tree3,0.10,0.10,0.10,-0.00,1.08,0.00,116.29,-1.08,-0.00,0.00,-104.26,0.00,0.00,0.88,-1.06,0.00,0.00,0.00,1.00,0
585,Tree2,0.10,0.10,0.10,-0.00,1.08,0.00,111.06,-1.08,-0.00,0.00,-49.30,0.00,0.00,0.88,-4.14,0.00,0.00,0.00,1.00,0
586,Tree3,0.10,0.10,0.10,-0.00,1.08,0.00,111.06,-1.08,-0.00,0.00,-59.77,0.00,0.00,0.88,-4.71,0.00,0.00,0.00,1.00,0
587,Tree1,0.10,0.10,0.10,-0.00,1.08,0.00,111.06,-1.08,-0.00,0.00,-72.85,0.00,0.00,0.88,-5.41,0.00,0.00,0.00,1.00,0
588,Tree2,0.10,0.10,0.10,-0.00,1.08,0.00,113.68,-1.08,-0.00,0.00,-83.32,0.00,0.00,0.88,-5.08,0.00,0.00,0.00,1.00,0
589,Tree3,0.10,0.10,0.10,-0.00,1.08,0.00,105.83,-1.08,-0.00,0.00,-75.47,0.00,0.00,0.88,-6.17,0.00,0.00,0.00,1.00,0
590,Tree1,0.10,0.10,0.10,-0.00,1.08,0.00,105.83,-1.08,-0.00,0.00,-99.02,0.00,0.00,0.88,3.06,0.00,0.00,0.00,1.00,0
591,Tree2,0.10,0.10,0.10,-0.00,1.08,0.00,105.83,-1.08,-0.00,0.00,-109.49,0.00,0.00,0.88,6.65,0.00,0.00,0.00,1.00,0
592,Tree3,0.10,0.10,0.10,-0.00,1.08,0.00,108.44,-1.08,-0.00,0.00,-156.59,0.00,0.00,0.88,24.37,0.00,0.00,0.00,1.00,0
593,Tree1,0.10,0.10,0.10,-0.00,1.08,0.00,111.06,-1.08,-0.00,0.00,-174.91,0.00,0.00,0.88,23.04,0.00,0.00,0.00,1.00,0
594,Tree2,0.10,0.10,0.10,-0.00,1.08,0.00,100.59,-1.08,-0.00,0.00,-51.92,0.00,0.00,0.88,-3.98,0.00,0.00,0.00,1.00,0
595,Tree3,0.10,0.10,0.10,-0.00,1.08,0.00,100.59,-1.08,-0.00,0.00,-59.77,0.00,0.00,0.88,-4.61,0.00,0.00,0.00,1.00,0
596,Tree1,0.10,0.10,0.10,-0.00,1.08,0.00,100.59,-1.08,-0.00,0.00,-72.85,0.00,0.00,0.88,-5.03,0.00,0.00,0.00,1.00,0
597,Tree2,0.10,0.10,0.10,-0.00,1.08,0.00,100.59,-1.08,-0.00,0.00,-83.32,0.00,0.00,0.88,-2.30,0.00,0.00,0.00,1.00,0
598,Tree3,0.10,0.10,0.10,-0.00,1.08,0.00,97.97,-1.08,-0.00,0.00,-88.56,0.00,0.00,0.88,0.18,0.00,0.00,0.00,1.00,0
599,Tree1,0.10,0.10,0.10,-0.00,1.08,0.00,103.21,-1.08,-0.00,0.00,-156.59,0.00,0.00,0.88,26.58,0.00,0.00,0.00,1.00,0
600,Tree2,0.10,0.10,0.10,-0.00,1.08,0.00,92.74,-1.08,-0.00,0.00,-62.39,0.00,0.00,0.88,-5.62,0.00,0.00,0.00,1.00,0
601,Tree3,0.10,0.10,0.10,-0.00,1.08,0.00,84.89,-1.08,-0.00,0.00,-54.54,0.00,0.00,0.88,-2.45,0.00,0.00,0.00,1.00,0
602,Tree1,0.10,0.10,0.10,-0.00,1.08,0.00,84.89,-1.08,-0.00,0.00,-67.62,0.00,0.00,0.88,-3.94,0.00,0.00,0.00,1.00,0
603,Tree2,0.10,0.10,0.10,-0.00,1.08,0.00,84.89,-1.08,-0.00,0.00,-78.09,0.00,0.00,0.88,0.65,0.00,0.00,0.00,1.00,0
604,Tree3,0.10,0.10,0.10,-0.00,1.08,0.00,84.89,-1.08,-0.00,0.00,-101.64,0.00,0.00,0.88,10.77,0.00,0.00,0.00,1.00,0
605,Tree1,0.10,0.10,0.10,-0.00,1.08,0.00,82.27,-1.08,-0.00,0.00,-62.39,0.00,0.00,0.88,-2.92,0.00,0.00,0.00,1.00,0
606,Tree2,0.10,0.10,0.10,-0.00,1.08,0.00,74.42,-1.08,-0.00,0.00,-54.54,0.00,0.00,0.88,2.15,0.00,0.00,0.00,1.00,0
607,Tree3,0.10,0.10,0.10,-0.00,1.08,0.00,74.42,-1.08,-0.00,0.00,-67.62,0.00,0.00,0.88,0.35,0.00,0.00,0.00,1.00,0
608,Tree1,0.10,0.10,0.10,-0.00,1.08,0.00,77.04,-1.08,-0.00,0.00,-78.09,0.00,0.00,0.88,1.61,0.00,0.00,0.00,1.00,0
609,Tree2,0.10,0.10,0.10,-0.00,1.08,0.00,74.42,-1.08,-0.00,0.00,-88.56,0.00,0.00,0.88,7.83,0.00,0.00,0.00,1.00,0
610,Tree3,0.10,0.10,0.10,-0.00,1.08,0.00,77.04,-1.08,-0.00,0.00,-99.02,0.00,0.00,0.88,12.53,0.00,0.00,0.00,1.00,0
611,Tree1,0.10,0.10,0.10,-0.00,1.08,0.00,74.42,-1.08,-0.00,0.00,-109.49,0.00,0.00,0.88,15.68,0.00,0.00,0.00,1.00,0
612,Tree2,0.10,0.10,0.10,-0.00,1.08,0.00,63.96,-1.08,-0.00,0.00,-62.39,0.00,0.00,0.88,5.57,0.00,0.00,0.00,1.00,0
613,Tree3,0.10,0.10,0.10,-0.00,1.08,0.00,63.96,-1.08,-0.00,0.00,-72.85,0.00,0.00,0.88,5.80,0.00,0.00,0.00,1.00,0
614,Tree1,0.10,0.10,0.10,-0.00,1.08,0.00,66.57,-1.08,-0.00,0.00,-83.32,0.00,0.00,0.88,8.46,0.00,0.00,0.00,1.00,0
615,Tree2,0.10,0.10,0.10,-0.00,1.08,0.00,71.81,-1.08,-0.00,0.00,-104.26,0.00,0.00,0.88,14.67,0.00,0.00,0.00,1.00,0
616,Tree3,0.10,0.10,0.10,-0.00,1.08,0.00,63.96,-1.08,-0.00,0.00,-109.49,0.00,0.00,0.88,15.61,0.00,0.00,0.00,1.00,0
617,Tree1,0.10,0.10,0.10,-0.00,1.08,0.00,63.96,-1.08,-0.00,0.00,-140.89,0.00,0.00,0.88,26.17,0.00,0.00,0.00,1.00,0
618,Tree2,0.10,0.10,0.10,-0.00,1.08,0.00,63.96,-1.08,-0.00,0.00,-148.74,0.00,0.00,0.88,28.14,0.00,0.00,0.00,1.00,0
619,Tree3,0.10,0.10,0.10,-0.00,1.08,0.00,53.49,-1.08,-0.00,0.00,-54.54,0.00,0.00,0.88,6.89,0.00,0.00,0.00,1.00,0
620,Tree1,0.10,0.10,0.10,-0.00,1.08,0.00,53.49,-1.08,-0.00,0.00,-65.00,0.00,0.00,0.88,7.29,0.00,0.00,0.00,1.00,0
621,Tree2,0.10,0.10,0.10,-0.00,1.08,0.00,56.11,-1.08,-0.00,0.00,-146.12,0.00,0.00,0.88,26.84,0.00,0.00,0.00,1.00,0
622,Tree3,0.10,0.10,0.10,-0.00,1.08,0.00,56.11,-1.08,-0.00,0.00,-156.59,0.00,0.00,0.88,29.49,0.00,0.00,0.00,1.00,0
623,Tree1,0.10,0.10,0.10,-0.00,1.08,0.00,48.26,-1.08,-0.00,0.00,-59.77,0.00,0.00,0.88,7.86,0.00,0.00,0.00,1.00,0
624,Tree2,0.10,0.10,0.10,-0.00,1.08,0.00,215.73,-1.08,-0.00,0.00,-15.29,0.00,0.00,0.88,0.93,0.00,0.00,0.00,1.00,0
625,Tree3,0.10,0.10,0.10,-0.00,1.08,0.00,215.73,-1.08,-0.00,0.00,-78.09,0.00,0.00,0.88,-8.76,0.00,0.00,0.00,1.00,0
626,Tree1,0.10,0.10,0.10,-0.00,1.08,0.00,205.26,-1.08,-0.00,0.00,16.12,0.00,0.00,0.88,4.77,0.00,0.00,0.00,1.00,0
627,Tree2,0.10,0.10,0.10,-0.00,1.08,0.00,207.88,-1.08,-0.00,0.00,-15.29,0.00,0.00,0.88,-0.34,0.00,0.00,0.00,1.00,0
628,Tree3,0.10,0.10,0.10,-0.00,1.08,0.00,205.26,-1.08,-0.00,0.00,-96.41,0.00,0.00,0.88,-7.99,0.00,0.00,0.00,1.00,0
629,Tree1,0.10,0.10,0.10,-0.00,1.08,0.00,194.80,-1.08,-0.00,0.00,16.12,0.00,0.00,0.88,2.33,0.00,0.00,0.00,1.00,0
630,Tree3,0.10,0.10,0.10,-0.00,1.08,0.00,186.95,-1.08,-0.00,0.00,-161.83,0.00,0.00,0.88,-5.38,0.00,0.00,0.00,1.00,0
631,Tree2,0.10,0.10,0.10,-0.00,1.08,0.00,173.86,-1.08,-0.00,0.00,-15.29,0.00,0.00,0.88,-6.37,0.00,0.00,0.00,1.00,0
632,Tree3,0.10,0.10,0.10,-0.00,1.08,0.00,166.01,-1.08,-0.00,0.00,5.65,0.00,0.00,0.88,-0.55,0.00,0.00,0.00,1.00,0
633,Tree1,0.10,0.10,0.10,-0.00,1.08,0.00,163.39,-1.08,-0.00,0.00,-88.56,0.00,0.00,0.88,-10.41,0.00,0.00,0.00,1.00,0
634,Tree2,0.10,0.10,0.10,-0.00,1.08,0.00,152.93,-1.08,-0.00,0.00,-46.69,0.00,0.00,0.88,-10.02,0.00,0.00,0.00,1.00,0
635,Tree3,0.10,0.10,0.10,-0.00,1.08,0.00,152.93,-1.08,-0.00,0.00,-78.09,0.00,0.00,0.88,-10.79,0.00,0.00,0.00,1.00,0
636,Tree1,0.10,0.10,0.10,-0.00,1.08,0.00,155.54,-1.08,-0.00,0.00,-109.49,0.00,0.00,0.88,-5.95,0.00,0.00,0.00,1.00,0
637,Tree2,0.10,0.10,0.10,-0.00,1.08,0.00,155.54,-1.08,-0.00,0.00,-140.89,0.00,0.00,0.88,-2.23,0.00,0.00,0.00,1.00,0
638,Tree3,0.10,0.10,0.10,-0.00,1.08,0.00,142.46,-1.08,-0.00,0.00,-44.07,0.00,0.00,0.88,-7.55,0.00,0.00,0.00,1.00,0
639,Tree1,0.10,0.10,0.10,-0.00,1.08,0.00,142.46,-1.08,-0.00,0.00,-75.47,0.00,0.00,0.88,-9.91,0.00,0.00,0.00,1.00,0
640,Tree2,0.10,0.10,0.10,-0.00,1.08,0.00,142.46,-1.08,-0.00,0.00,-109.49,0.00,0.00,0.88,-6.64,0.00,0.00,0.00,1.00,0
641,Tree3,0.10,0.10,0.10,-0.00,1.08,0.00,145.08,-1.08,-0.00,0.00,-140.89,0.00,0.00,0.88,-3.30,0.00,0.00,0.00,1.00,0
642,Tree1,0.10,0.10,0.10,-0.00,1.08,0.00,131.99,-1.08,-0.00,0.00,-54.54,0.00,0.00,0.88,-8.90,0.00,0.00,0.00,1.00,0
643,Tree2,0.10,0.10,0.10,-0.00,1.08,0.00,131.99,-1.08,-0.00,0.00,-88.56,0.00,0.00,0.88,-8.04,0.00,0.00,0.00,1.00,0
644,Tree3,0.10,0.10,0.10,-0.00,1.08,0.00,134.61,-1.08,-0.00,0.00,-119.96,0.00,0.00,0.88,-5.11,0.00,0.00,0.00,1.00,0
645,Tree1,0.10,0.10,0.10,-0.00,1.08,0.00,131.99,-1.08,-0.00,0.00,-138.27,0.00,0.00,0.88,1.94,0.00,0.00,0.00,1.00,0
646,Tree2,0.10,0.10,0.10,-0.00,1.08,0.00,121.53,-1.08,-0.00,0.00,-65.00,0.00,0.00,0.88,-7.09,0.00,0.00,0.00,1.00,0
647,Tree3,0.10,0.10,0.10,-0.00,1.08,0.00,121.53,-1.08,-0.00,0.00,-99.02,0.00,0.00,0.88,-2.99,0.00,0.00,0.00,1.00,0
648,Tree1,0.10,0.10,0.10,-0.00,1.08,0.00,113.68,-1.08,-0.00,0.00,-57.15,0.00,0.00,0.88,-4.75,0.00,0.00,0.00,1.00,0
649,Tree2,0.10,0.10,0.10,-0.00,1.08,0.00,111.06,-1.08,-0.00,0.00,-75.47,0.00,0.00,0.88,-6.03,0.00,0.00,0.00,1.00,0
650,Tree3,0.10,0.10,0.10,-0.00,1.08,0.00,111.06,-1.08,-0.00,0.00,-151.36,0.00,0.00,0.88,23.07,0.00,0.00,0.00,1.00,0
651,Tree1,0.10,0.10,0.10,-0.00,1.08,0.00,103.21,-1.08,-0.00,0.00,-57.15,0.00,0.00,0.88,-4.35,0.00,0.00,0.00,1.00,0
652,Tree2,0.10,0.10,0.10,-0.00,1.08,0.00,100.59,-1.08,-0.00,0.00,-75.47,0.00,0.00,0.88,-3.27,0.00,0.00,0.00,1.00,0
653,Tree3,0.10,0.10,0.10,-0.00,1.08,0.00,100.59,-1.08,-0.00,0.00,-180.14,0.00,0.00,0.88,25.37,0.00,0.00,0.00,1.00,0
654,Tree1,0.10,0.10,0.10,-0.00,1.08,0.00,92.74,-1.08,-0.00,0.00,-78.09,0.00,0.00,0.88,-2.03,0.00,0.00,0.00,1.00,0
655,Tree2,0.10,0.10,0.10,-0.00,1.08,0.00,82.27,-1.08,-0.00,0.00,-67.62,0.00,0.00,0.88,-2.87,0.00,0.00,0.00,1.00,0
656,Tree3,0.10,0.10,0.10,-0.00,1.08,0.00,82.27,-1.08,-0.00,0.00,-99.02,0.00,0.00,0.88,11.42,0.00,0.00,0.00,1.00,0
657,Tree1,0.10,0.10,0.10,-0.00,1.08,0.00,69.19,-1.08,-0.00,0.00,-54.54,0.00,0.00,0.88,3.42,0.00,0.00,0.00,1.00,0
658,Tree2,0.10,0.10,0.10,-0.00,1.08,0.00,71.81,-1.08,-0.00,0.00,-99.02,0.00,0.00,0.88,13.64,0.00,0.00,0.00,1.00,0
659,Tree3,0.10,0.10,0.10,-0.00,1.08,0.00,69.19,-1.08,-0.00,0.00,-151.36,0.00,0.00,0.88,28.93,0.00,0.00,0.00,1.00,0
660,Tree1,0.10,0.10,0.10,-0.00,1.08,0.00,58.72,-1.08,-0.00,0.00,-78.09,0.00,0.00,0.88,8.42,0.00,0.00,0.00,1.00,0
661,Tree2,0.10,0.10,0.10,-0.00,1.08,0.00,50.87,-1.08,-0.00,0.00,-57.15,0.00,0.00,0.88,7.71,0.00,0.00,0.00,1.00,0
662,Tree1,0.10,0.10,0.10,-0.00,1.08,0.00,223.58,-1.08,-0.00,0.00,-7.43,0.00,0.00,0.88,2.76,0.00,0.00,0.00,1.00,0
663,Tree3,0.10,0.10,0.10,-0.00,1.08,0.00,213.11,-1.08,-0.00,0.00,-7.43,0.00,0.00,0.88,0.27,0.00,0.00,0.00,1.00,0
664,Tree1,0.10,0.10,0.10,-0.00,1.08,0.00,213.11,-1.08,-0.00,0.00,-70.24,0.00,0.00,0.88,-8.53,0.00,0.00,0.00,1.00,0
665,Tree2,0.10,0.10,0.10,-0.00,1.08,0.00,202.65,-1.08,-0.00,0.00,23.97,0.00,0.00,0.88,4.69,0.00,0.00,0.00,1.00,0
666,Tree3,0.10,0.10,0.10,-0.00,1.08,0.00,207.88,-1.08,-0.00,0.00,-7.43,0.00,0.00,0.88,-0.74,0.00,0.00,0.00,1.00,0
667,Tree1,0.10,0.10,0.10,-0.00,1.08,0.00,202.65,-1.08,-0.00,0.00,-85.94,0.00,0.00,0.88,-11.34,0.00,0.00,0.00,1.00,0
668,Tree2,0.10,0.10,0.10,-0.00,1.08,0.00,197.41,-1.08,-0.00,0.00,13.50,0.00,0.00,0.88,1.90,0.00,0.00,0.00,1.00,0
669,Tree1,0.10,0.10,0.10,-0.00,1.08,0.00,186.95,-1.08,-0.00,0.00,-153.98,0.00,0.00,0.88,-5.08,0.00,0.00,0.00,1.00,0
670,Tree3,0.10,0.10,0.10,-0.00,1.08,0.00,176.48,-1.08,-0.00,0.00,-17.90,0.00,0.00,0.88,-6.45,0.00,0.00,0.00,1.00,0
671,Tree1,0.10,0.10,0.10,-0.00,1.08,0.00,166.01,-1.08,-0.00,0.00,3.03,0.00,0.00,0.88,-1.17,0.00,0.00,0.00,1.00,0
672,Tree2,0.10,0.10,0.10,-0.00,1.08,0.00,160.78,-1.08,-0.00,0.00,-91.17,0.00,0.00,0.88,-9.49,0.00,0.00,0.00,1.00,0
673,Tree3,0.10,0.10,0.10,-0.00,1.08,0.00,160.78,-1.08,-0.00,0.00,-148.74,0.00,0.00,0.88,0.54,0.00,0.00,0.00,1.00,0
674,Tree1,0.10,0.10,0.10,-0.00,1.08,0.00,150.31,-1.08,-0.00,0.00,-54.54,0.00,0.00,0.88,-9.13,0.00,0.00,0.00,1.00,0
675,Tree2,0.10,0.10,0.10,-0.00,1.08,0.00,150.31,-1.08,-0.00,0.00,-85.94,0.00,0.00,0.88,-11.83,0.00,0.00,0.00,1.00,0
676,Tree3,0.10,0.10,0.10,-0.00,1.08,0.00,150.31,-1.08,-0.00,0.00,-122.57,0.00,0.00,0.88,-6.55,0.00,0.00,0.00,1.00,0
677,Tree1,0.10,0.10,0.10,-0.00,1.08,0.00,150.31,-1.08,-0.00,0.00,-153.98,0.00,0.00,0.88,3.67,0.00,0.00,0.00,1.00,0
678,Tree2,0.10,0.10,0.10,-0.00,1.08,0.00,139.84,-1.08,-0.00,0.00,-54.54,0.00,0.00,0.88,-7.88,0.00,0.00,0.00,1.00,0
679,Tree3,0.10,0.10,0.10,-0.00,1.08,0.00,139.84,-1.08,-0.00,0.00,-85.94,0.00,0.00,0.88,-8.47,0.00,0.00,0.00,1.00,0
680,Tree1,0.10,0.10,0.10,-0.00,1.08,0.00,139.84,-1.08,-0.00,0.00,-122.57,0.00,0.00,0.88,-6.38,0.00,0.00,0.00,1.00,0
681,Tree2,0.10,0.10,0.10,-0.00,1.08,0.00,145.08,-1.08,-0.00,0.00,-153.98,0.00,0.00,0.88,4.00,0.00,0.00,0.00,1.00,0
682,Tree3,0.10,0.10,0.10,-0.00,1.08,0.00,129.38,-1.08,-0.00,0.00,-70.24,0.00,0.00,0.88,-7.64,0.00,0.00,0.00,1.00,0
683,Tree1,0.10,0.10,0.10,-0.00,1.08,0.00,134.61,-1.08,-0.00,0.00,-101.64,0.00,0.00,0.88,-6.52,0.00,0.00,0.00,1.00,0
684,Tree2,0.10,0.10,0.10,-0.00,1.08,0.00,134.61,-1.08,-0.00,0.00,-133.04,0.00,0.00,0.88,-2.60,0.00,0.00,0.00,1.00,0
685,Tree3,0.10,0.10,0.10,-0.00,1.08,0.00,124.14,-1.08,-0.00,0.00,-59.77,0.00,0.00,0.88,-7.35,0.00,0.00,0.00,1.00,0
686,Tree1,0.10,0.10,0.10,-0.00,1.08,0.00,118.91,-1.08,-0.00,0.00,-75.47,0.00,0.00,0.88,-6.54,0.00,0.00,0.00,1.00,0
687,Tree3,0.10,0.10,0.10,-0.00,1.08,0.00,108.44,-1.08,-0.00,0.00,-65.00,0.00,0.00,0.88,-6.26,0.00,0.00,0.00,1.00,0
688,Tree1,0.10,0.10,0.10,-0.00,1.08,0.00,108.44,-1.08,-0.00,0.00,-106.87,0.00,0.00,0.88,4.28,0.00,0.00,0.00,1.00,0
689,Tree2,0.10,0.10,0.10,-0.00,1.08,0.00,108.37,-1.08,-0.00,0.00,-180.13,0.00,0.00,0.88,23.01,0.00,0.00,0.00,1.00,0
690,Tree3,0.10,0.10,0.10,-0.00,1.08,0.00,97.97,-1.08,-0.00,0.00,-65.00,0.00,0.00,0.88,-6.25,0.00,0.00,0.00,1.00,0
691,Tree1,0.10,0.10,0.10,-0.00,1.08,0.00,103.21,-1.08,-0.00,0.00,-174.91,0.00,0.00,0.88,25.28,0.00,0.00,0.00,1.00,0
692,Tree2,0.10,0.10,0.10,-0.00,1.08,0.00,92.74,-1.08,-0.00,0.00,-80.70,0.00,0.00,0.88,-0.89,0.00,0.00,0.00,1.00,0
693,Tree3,0.10,0.10,0.10,-0.00,1.08,0.00,77.04,-1.08,-0.00,0.00,-54.54,0.00,0.00,0.88,1.14,0.00,0.00,0.00,1.00,0
694,Tree1,0.10,0.10,0.10,-0.00,1.08,0.00,77.04,-1.08,-0.00,0.00,-85.94,0.00,0.00,0.88,5.99,0.00,0.00,0.00,1.00,0
695,Tree2,0.10,0.10,0.10,-0.00,1.08,0.00,66.57,-1.08,-0.00,0.00,-59.77,0.00,0.00,0.88,2.54,0.00,0.00,0.00,1.00,0
696,Tree3,0.10,0.10,0.10,-0.00,1.08,0.00,71.81,-1.08,-0.00,0.00,-101.64,0.00,0.00,0.88,14.96,0.00,0.00,0.00,1.00,0
697,Tree1,0.10,0.10,0.10,-0.00,1.08,0.00,66.57,-1.08,-0.00,0.00,-153.98,0.00,0.00,0.88,29.08,0.00,0.00,0.00,1.00,0
698,Tree2,0.10,0.10,0.10,-0.00,1.08,0.00,56.11,-1.08,-0.00,0.00,-75.47,0.00,0.00,0.88,8.94,0.00,0.00,0.00,1.00,0
699,Tree3,0.10,0.10,0.10,-0.00,1.08,0.00,45.64,-1.08,-0.00,0.00,-59.77,0.00,0.00,0.88,7.65,0.00,0.00,0.00,1.00,0
700,Tree1,0.10,0.10,0.10,-0.00,1.08,0.00,218.35,-1.08,-0.00,0.00,8.27,0.00,0.00,0.88,2.70,0.00,0.00,0.00,1.00,0
701,Tree2,0.10,0.10,0.10,-0.00,1.08,0.00,207.88,-1.08,-0.00,0.00,8.27,0.00,0.00,0.88,2.41,0.00,0.00,0.00,1.00,0
702,Tree3,0.10,0.10,0.10,-0.00,1.08,0.00,197.41,-1.08,-0.00,0.00,18.73,0.00,0.00,0.88,2.46,0.00,0.00,0.00,1.00,0
703,Tree2,0.10,0.10,0.10,-0.00,1.08,0.00,155.54,-1.08,-0.00,0.00,8.27,0.00,0.00,0.88,0.66,0.00,0.00,0.00,1.00,0
704,Tree3,0.10,0.10,0.10,-0.00,1.08,0.00,155.54,-1.08,-0.00,0.00,-117.34,0.00,0.00,0.88,-6.35,0.00,0.00,0.00,1.00,0
705,Tree1,0.10,0.10,0.10,-0.00,1.08,0.00,145.08,-1.08,-0.00,0.00,-96.41,0.00,0.00,0.88,-8.42,0.00,0.00,0.00,1.00,0
706,Tree2,0.10,0.10,0.10,-0.00,1.08,0.00,134.61,-1.08,-0.00,0.00,-75.47,0.00,0.00,0.88,-8.22,0.00,0.00,0.00,1.00,0
707,Tree3,0.10,0.10,0.10,-0.00,1.08,0.00,124.14,-1.08,-0.00,0.00,-54.54,0.00,0.00,0.88,-6.25,0.00,0.00,0.00,1.00,0
708,Tree1,0.10,0.10,0.10,-0.00,1.08,0.00,113.68,-1.08,-0.00,0.00,-54.54,0.00,0.00,0.88,-4.54,0.00,0.00,0.00,1.00,0
709,Tree2,0.10,0.10,0.10,-0.00,1.08,0.00,103.21,-1.08,-0.00,0.00,-54.54,0.00,0.00,0.88,-4.27,0.00,0.00,0.00,1.00,0
710,Tree3,0.10,0.10,0.10,-0.00,1.08,0.00,92.74,-1.08,-0.00,0.00,-65.00,0.00,0.00,0.88,-7.03,0.00,0.00,0.00,1.00,0
711,Tree1,0.10,0.10,0.10,-0.00,1.08,0.00,71.81,-1.08,-0.00,0.00,-54.54,0.00,0.00,0.88,2.63,0.00,0.00,0.00,1.00,0
712,Tree2,0.10,0.10,0.10,-0.00,1.08,0.00,61.34,-1.08,-0.00,0.00,-65.00,0.00,0.00,0.88,6.29,0.00,0.00,0.00,1.00,0
713,Tree3,0.10,0.10,0.10,0.66,0.00,0.00,45.95,0.00,0.66,0.00,-28.17,0.00,0.00,0.54,0.23,0.00,0.00,0.00,1.00,0
714,Tree2,0.10,0.10,0.10,0.66,0.00,0.00,45.95,0.00,0.66,0.00,-28.17,0.00,0.00,0.54,0.23,0.00,0.00,0.00,1.00,0
715,Avalange1,0.10,0.10,0.10,0.66,0.00,0.00,45.95,0.00,0.66,0.00,-28.17,0.00,0.00,0.66,0.17,0.00,0.00,0.00,1.00,0
716,Environment1,0.10,0.10,0.10,0.66,0.00,0.00,45.95,0.00,0.66,0.00,-28.17,0.00,0.00,0.66,0.17,0.00,0.00,0.00,1.00,0
